Date,Price,Open,Max,Min
22.10.2020,425.79,442.15,444.74,424.72
21.10.2020,422.64,423.25,432.90,421.25
20.10.2020,421.94,430.91,430.91,419.10
19.10.2020,430.83,445.74,446.60,428.93
16.10.2020,439.67,454.44,455.95,438.85
15.10.2020,448.88,451.15,456.31,442.71
14.10.2020,461.30,449.74,465.75,447.77
13.10.2020,446.65,443.31,448.84,436.75
12.10.2020,442.30,441.84,448.67,438.63
09.10.2020,434.0,430.13,434.59,426.46
08.10.2020,425.92,438.95,438.95,425.47
07.10.2020,425.30,420.0,429.90,414.8
06.10.2020,413.98,425.0,428.50,406.58
05.10.2020,425.68,423.35,433.64,419.33
02.10.2020,415.9,421.39,439.13,415.0
01.10.2020,448.16,440.76,448.87,434.82
30.09.2020,429.1,421.76,433.67,420.48
29.09.2020,419.7,416.0,428.35,411.75
28.09.2020,421.20,424.62,428.8,415.55
25.09.2020,407.34,393.47,408.73,391.30
24.09.2020,387.79,363.80,399.50,351.30
23.09.2020,380.36,405.16,412.15,375.88
22.09.2020,424.23,429.60,437.76,417.60
21.09.2020,449.39,453.13,455.68,407.7
18.09.2020,442.15,447.94,451.0,428.80
17.09.2020,423.43,415.60,437.79,408.0
16.09.2020,441.76,439.87,457.79,435.31
15.09.2020,449.76,436.56,461.94,430.70
14.09.2020,419.62,380.95,420.0,373.30
11.09.2020,372.72,381.94,382.50,360.50
10.09.2020,371.34,386.21,398.99,360.56
09.09.2020,366.28,356.60,369.0,341.51
08.09.2020,330.21,356.0,368.74,329.88
04.09.2020,418.32,402.81,428.0,372.2
03.09.2020,407.0,407.23,431.80,402.0
02.09.2020,447.37,478.99,479.4,405.12
01.09.2020,475.5,502.14,502.49,470.51
31.08.2020,498.32,444.61,500.14,440.11
28.08.2020,442.68,459.2,463.70,437.30
27.08.2020,447.75,436.9,459.12,428.50
26.08.2020,430.63,412.0,433.20,410.73
25.08.2020,404.67,394.98,405.59,393.60
24.08.2020,402.84,425.25,425.80,385.50
21.08.2020,410.0,408.95,419.10,405.1
20.08.2020,400.37,372.14,404.40,371.41
19.08.2020,375.71,373.0,382.20,368.24
18.08.2020,377.42,379.80,384.78,369.2
17.08.2020,367.13,335.40,369.17,334.57
14.08.2020,330.14,333.0,333.76,325.33
13.08.2020,324.20,322.20,330.24,313.45
12.08.2020,310.95,294.0,317.0,287.0
11.08.2020,274.88,279.20,284.0,273.0
10.08.2020,283.71,289.60,291.50,277.17
07.08.2020,290.54,299.91,299.95,283.0
06.08.2020,297.92,298.17,303.46,295.45
05.08.2020,297.0,298.60,299.97,293.66
04.08.2020,297.40,299.0,305.48,292.40
03.08.2020,297.0,289.84,301.96,288.88
31.07.2020,286.15,303.0,303.41,284.20
30.07.2020,297.50,297.60,302.65,294.20
29.07.2020,299.82,300.20,306.96,297.40
28.07.2020,295.30,300.80,312.94,294.88
27.07.2020,307.92,287.0,309.59,282.60
24.07.2020,283.40,283.20,293.0,273.31
23.07.2020,302.61,335.79,337.80,296.15
22.07.2020,318.47,319.80,325.28,312.40
21.07.2020,313.67,327.99,335.0,311.60
20.07.2020,328.60,303.80,330.0,297.60
17.07.2020,300.17,302.69,307.50,298.0
16.07.2020,300.13,295.43,306.34,293.20
15.07.2020,309.20,308.60,310.0,291.40
14.07.2020,303.36,311.20,318.0,286.20
13.07.2020,299.41,331.80,359.0,294.22
10.07.2020,308.93,279.20,309.78,275.20
09.07.2020,278.86,279.40,281.71,270.26
08.07.2020,273.18,281.0,283.45,262.27
07.07.2020,277.97,281.0,285.90,267.34
06.07.2020,274.32,255.34,275.56,253.21
02.07.2020,241.73,244.30,245.60,237.12
01.07.2020,223.93,216.60,227.7,216.10
30.06.2020,215.96,201.30,217.54,200.75
29.06.2020,201.87,193.80,202.0,189.70
26.06.2020,191.95,198.96,199.0,190.97
25.06.2020,197.20,190.85,197.20,187.43
24.06.2020,192.17,198.82,200.18,190.63
23.06.2020,200.36,199.78,202.40,198.80
22.06.2020,198.86,199.99,201.78,198.0
19.06.2020,200.18,202.56,203.19,198.27
18.06.2020,200.79,200.60,203.84,198.89
17.06.2020,198.36,197.54,201.0,196.51
16.06.2020,196.43,202.37,202.58,192.48
15.06.2020,198.18,183.56,199.77,181.70
12.06.2020,187.6,196.0,197.60,182.52
11.06.2020,194.57,198.4,203.79,194.40
10.06.2020,205.1,198.38,205.50,196.50
09.06.2020,188.13,188.0,190.89,184.79
08.06.2020,189.98,183.80,190.0,181.83
05.06.2020,177.13,175.57,177.30,173.24
04.06.2020,172.88,177.98,179.15,171.69
03.06.2020,176.59,177.62,179.59,176.2
02.06.2020,176.31,178.94,181.73,174.20
01.06.2020,179.62,171.60,179.80,170.82
29.05.2020,167.0,161.75,167.0,160.84
28.05.2020,161.16,162.70,164.95,160.34
27.05.2020,164.5,164.17,165.54,157.0
26.05.2020,163.77,166.90,166.92,163.14
22.05.2020,163.38,164.43,166.36,162.40
21.05.2020,165.52,163.20,166.50,159.20
20.05.2020,163.11,164.10,165.20,162.36
19.05.2020,161.60,163.3,164.41,161.22
18.05.2020,162.73,165.56,166.94,160.78
15.05.2020,159.83,158.7,161.1,157.31
14.05.2020,160.67,156.0,160.67,152.80
13.05.2020,158.19,164.17,165.20,152.66
12.05.2020,161.88,165.40,168.66,161.60
11.05.2020,162.26,158.10,164.80,157.0
08.05.2020,163.88,158.75,164.80,157.40
07.05.2020,156.1,155.44,159.28,154.47
06.05.2020,156.52,155.30,157.96,152.22
05.05.2020,153.64,157.96,159.78,152.44
04.05.2020,152.24,140.20,152.40,139.60
01.05.2020,140.26,151.0,154.55,136.61
30.04.2020,156.38,171.4,173.96,152.70
29.04.2020,160.10,158.3,160.64,156.63
28.04.2020,153.82,159.13,161.0,151.34
27.04.2020,159.75,147.52,159.90,147.0
24.04.2020,145.3,142.16,146.15,139.64
23.04.2020,141.13,145.52,146.80,140.63
22.04.2020,146.42,140.80,146.80,137.74
21.04.2020,137.34,146.2,150.67,134.76
20.04.2020,149.27,146.54,153.11,142.44
17.04.2020,150.78,154.46,154.99,149.53
16.04.2020,149.4,143.39,151.89,141.34
15.04.2020,145.97,148.40,150.63,142.0
14.04.2020,141.98,139.79,148.38,138.49
13.04.2020,130.19,118.3,130.40,116.11
09.04.2020,114.60,112.42,115.4,111.42
08.04.2020,109.77,110.84,111.44,106.67
07.04.2020,109.9,109.0,113.0,106.47
06.04.2020,103.25,102.24,104.20,99.59
03.04.2020,96.0,101.90,103.10,93.68
02.04.2020,90.89,96.21,98.85,89.28
01.04.2020,96.31,100.80,102.79,95.2
31.03.2020,104.80,100.25,108.59,99.40
30.03.2020,100.43,102.5,103.33,98.25
27.03.2020,102.87,101.0,105.16,98.81
26.03.2020,105.63,109.48,112.0,102.45
25.03.2020,107.85,109.5,111.40,102.22
24.03.2020,101.0,95.46,102.74,94.80
23.03.2020,86.86,86.72,88.40,82.10
20.03.2020,85.51,87.64,95.40,85.16
19.03.2020,85.53,74.94,90.40,71.69
18.03.2020,72.24,77.80,80.97,70.10
17.03.2020,86.4,88.0,94.37,79.20
16.03.2020,89.1,93.90,98.97,88.43
13.03.2020,109.32,119.0,121.51,100.40
12.03.2020,112.11,116.18,118.90,109.25
11.03.2020,126.85,128.4,130.72,122.60
10.03.2020,129.7,131.89,133.60,121.60
09.03.2020,121.60,121.8,132.60,121.0
06.03.2020,140.70,138.0,141.40,136.85
05.03.2020,144.91,144.75,149.15,143.61
04.03.2020,149.90,152.79,153.30,144.95
03.03.2020,149.10,161.0,161.40,143.22
02.03.2020,148.72,142.25,148.74,137.33
28.02.2020,133.60,125.94,138.10,122.30
27.02.2020,135.80,146.0,147.95,133.80
26.02.2020,155.76,156.50,162.66,155.22
25.02.2020,159.98,169.80,171.32,157.40
24.02.2020,166.76,167.80,172.70,164.44
21.02.2020,180.20,181.40,182.61,176.9
20.02.2020,179.88,182.39,182.40,171.99
19.02.2020,183.48,184.70,188.96,180.20
18.02.2020,171.68,168.32,172.0,166.47
14.02.2020,160.1,157.44,162.59,157.10
13.02.2020,160.80,148.37,163.60,147.0
12.02.2020,153.46,155.57,157.95,152.67
11.02.2020,154.88,153.76,156.70,151.60
10.02.2020,154.26,160.0,164.0,150.48
07.02.2020,149.61,146.11,153.95,146.0
06.02.2020,149.79,139.98,159.17,137.40
05.02.2020,146.94,164.65,169.20,140.82
04.02.2020,177.41,176.59,193.80,166.78
03.02.2020,156.0,134.74,157.23,134.70
31.01.2020,130.11,128.0,130.60,126.50
30.01.2020,128.16,126.48,130.18,123.60
29.01.2020,116.20,115.14,117.96,113.49
28.01.2020,113.38,113.70,115.36,111.62
27.01.2020,111.60,108.40,112.89,107.86
24.01.2020,112.96,114.13,114.77,110.85
23.01.2020,114.44,112.85,116.40,111.12
22.01.2020,113.91,114.38,118.90,111.82
21.01.2020,109.44,106.5,109.72,105.68
17.01.2020,102.10,101.52,103.13,100.63
16.01.2020,102.70,98.75,102.89,98.43
15.01.2020,103.70,105.95,107.57,103.36
14.01.2020,107.58,108.85,109.48,104.98
13.01.2020,104.97,98.70,105.13,98.40
10.01.2020,95.63,96.36,96.99,94.74
09.01.2020,96.27,99.42,99.76,94.57
08.01.2020,98.43,94.74,99.70,93.65
07.01.2020,93.81,92.28,94.33,90.67
06.01.2020,90.31,88.9,90.31,88.0
03.01.2020,88.60,88.10,90.80,87.38
02.01.2020,86.5,84.90,86.14,84.34
31.12.2019,83.67,81.0,84.26,80.42
30.12.2019,82.94,85.76,85.80,81.85
27.12.2019,86.8,87.0,87.6,85.22
26.12.2019,86.19,85.58,86.70,85.27
24.12.2019,85.5,83.67,85.9,82.54
23.12.2019,83.84,82.36,84.40,82.0
20.12.2019,81.12,82.6,82.60,80.4
19.12.2019,80.81,79.46,81.37,79.30
18.12.2019,78.63,76.13,79.4,76.12
17.12.2019,75.80,75.80,77.10,75.18
16.12.2019,76.30,72.51,76.72,72.50
13.12.2019,71.68,72.21,73.4,70.93
12.12.2019,71.94,70.98,72.55,70.65
11.12.2019,70.54,70.38,71.44,70.22
10.12.2019,69.77,67.99,70.15,67.86
09.12.2019,67.91,67.32,68.89,67.2
06.12.2019,67.18,67.0,67.77,66.95
05.12.2019,66.7,66.57,66.88,65.45
04.12.2019,66.61,67.55,67.57,66.57
03.12.2019,67.24,66.52,67.58,66.44
02.12.2019,66.97,65.88,67.28,65.74
29.11.2019,65.99,66.22,66.25,65.50
27.11.2019,66.26,66.22,66.79,65.71
26.11.2019,65.78,67.5,67.10,65.42
25.11.2019,67.27,68.86,68.91,66.89
22.11.2019,66.61,68.3,68.20,66.0
21.11.2019,70.97,70.90,72.17,70.80
20.11.2019,70.44,72.0,72.24,69.91
19.11.2019,71.90,70.35,72.0,69.56
18.11.2019,70.0,70.58,70.63,69.22
15.11.2019,70.43,70.13,70.56,69.67
14.11.2019,69.87,69.22,70.77,68.58
13.11.2019,69.22,71.0,71.27,69.4
12.11.2019,69.99,69.38,70.7,68.81
11.11.2019,69.2,68.79,69.84,68.40
08.11.2019,67.43,66.90,67.49,66.50
07.11.2019,67.11,65.83,68.30,65.60
06.11.2019,65.32,63.60,65.34,62.90
05.11.2019,63.44,63.92,64.70,63.22
04.11.2019,63.49,62.96,64.39,61.85
01.11.2019,62.66,63.26,63.30,61.96
31.10.2019,62.98,62.62,63.80,62.60
30.10.2019,63.0,62.60,63.76,61.99
29.10.2019,63.24,64.0,64.86,62.95
28.10.2019,65.54,65.51,68.17,64.52
25.10.2019,65.63,59.54,66.0,59.22
24.10.2019,59.94,59.67,60.99,57.84
23.10.2019,50.94,50.90,51.23,50.27
22.10.2019,51.12,50.86,51.67,50.17
21.10.2019,50.70,51.67,51.90,50.4
18.10.2019,51.39,52.14,52.56,51.2
17.10.2019,52.39,52.50,52.96,52.3
16.10.2019,51.95,51.48,52.42,51.38
15.10.2019,51.58,51.54,52.0,50.82
14.10.2019,51.39,49.58,51.71,49.43
11.10.2019,49.58,49.43,50.22,49.36
10.10.2019,48.95,49.6,49.86,48.32
09.10.2019,48.91,48.26,49.46,48.13
08.10.2019,48.1,47.17,48.79,46.90
07.10.2019,47.54,45.96,47.71,45.71
04.10.2019,46.29,46.32,46.96,45.61
03.10.2019,46.61,46.37,46.90,44.86
02.10.2019,48.63,48.66,48.93,47.89
01.10.2019,48.94,48.30,49.19,47.83
30.09.2019,48.17,48.60,48.80,47.22
27.09.2019,48.43,48.44,49.74,47.75
26.09.2019,48.51,46.13,48.66,45.48
25.09.2019,45.74,44.91,45.80,43.67
24.09.2019,44.64,48.30,48.40,44.52
23.09.2019,48.25,48.0,49.4,47.84
20.09.2019,48.12,49.30,49.39,47.63
19.09.2019,49.32,49.20,49.59,48.97
18.09.2019,48.70,49.0,49.63,48.47
17.09.2019,48.96,48.49,49.12,48.7
16.09.2019,48.56,49.20,49.49,48.23
13.09.2019,49.4,49.39,49.69,48.97
12.09.2019,49.17,49.54,50.70,48.88
11.09.2019,49.42,47.48,49.63,47.20
10.09.2019,47.11,46.16,47.11,45.79
09.09.2019,46.36,46.0,46.75,45.85
06.09.2019,45.49,45.44,45.93,45.3
05.09.2019,45.92,44.50,45.96,44.17
04.09.2019,44.14,45.38,45.69,43.84
03.09.2019,45.0,44.82,45.79,44.63
30.08.2019,45.12,45.83,46.49,44.84
29.08.2019,44.34,43.80,44.68,43.60
28.08.2019,43.12,42.74,43.45,42.46
27.08.2019,42.82,43.15,43.76,42.41
26.08.2019,43.0,42.72,43.0,42.31
23.08.2019,42.28,43.99,44.23,42.20
22.08.2019,44.43,44.56,45.8,43.64
21.08.2019,44.17,44.40,44.64,43.52
20.08.2019,45.17,45.52,45.82,44.91
19.08.2019,45.37,44.84,45.57,44.34
16.08.2019,43.99,43.33,44.45,43.20
15.08.2019,43.13,44.17,44.31,42.31
14.08.2019,43.92,46.24,46.30,43.34
13.08.2019,47.0,45.76,47.20,45.51
12.08.2019,45.80,46.60,47.15,45.75
09.08.2019,47.0,47.21,47.79,46.76
08.08.2019,47.66,46.89,47.96,46.53
07.08.2019,46.68,45.30,46.71,45.16
06.08.2019,46.15,46.38,46.50,45.15
05.08.2019,45.66,45.92,46.27,45.16
02.08.2019,46.87,46.27,47.25,45.85
01.08.2019,46.77,48.53,48.90,46.35
31.07.2019,48.32,48.60,49.34,47.33
30.07.2019,48.45,46.58,48.67,46.44
29.07.2019,47.15,45.42,47.19,45.21
26.07.2019,45.61,45.38,46.5,44.45
25.07.2019,45.76,46.70,46.90,45.11
24.07.2019,52.98,51.83,53.21,51.63
23.07.2019,52.3,51.34,52.10,50.90
22.07.2019,51.14,51.75,52.43,50.84
19.07.2019,51.64,51.14,51.99,50.92
18.07.2019,50.71,51.1,51.15,50.38
17.07.2019,50.97,51.13,51.66,50.67
16.07.2019,50.48,49.86,50.71,49.59
15.07.2019,50.70,49.60,50.88,48.97
12.07.2019,49.2,47.95,49.8,47.94
11.07.2019,47.72,47.63,48.30,47.16
10.07.2019,47.78,46.83,47.79,46.63
09.07.2019,46.1,45.79,46.20,45.46
08.07.2019,46.7,46.25,46.45,45.73
05.07.2019,46.62,46.91,47.9,46.16
03.07.2019,46.98,47.88,48.31,46.90
02.07.2019,44.91,45.78,45.83,44.44
01.07.2019,45.43,46.4,46.62,45.26
28.06.2019,44.69,44.20,45.3,44.16
27.06.2019,44.57,43.89,44.58,43.47
26.06.2019,43.85,44.6,45.45,43.62
25.06.2019,43.95,44.88,45.7,43.90
24.06.2019,44.73,44.65,45.17,44.20
21.06.2019,44.37,43.24,44.44,43.10
20.06.2019,43.92,44.60,45.38,43.27
19.06.2019,45.29,45.2,45.55,44.21
18.06.2019,44.95,45.74,46.95,44.51
17.06.2019,45.1,43.10,45.40,42.85
14.06.2019,42.98,42.25,43.33,42.8
13.06.2019,42.78,42.8,42.98,41.50
12.06.2019,41.85,44.59,44.68,41.80
11.06.2019,43.42,43.83,44.18,42.70
10.06.2019,42.58,42.5,43.39,41.80
07.06.2019,40.90,41.0,42.17,40.70
06.06.2019,41.19,40.89,42.20,40.36
05.06.2019,39.32,39.74,40.26,38.37
04.06.2019,38.72,36.22,38.80,35.92
03.06.2019,35.79,37.10,37.34,35.40
31.05.2019,37.3,37.2,37.98,36.82
30.05.2019,37.64,37.75,38.45,37.40
29.05.2019,37.97,37.42,38.48,37.1
28.05.2019,37.74,38.24,39.0,37.57
24.05.2019,38.13,39.97,40.0,37.75
23.05.2019,39.10,38.87,39.89,37.24
22.05.2019,38.55,39.82,40.79,38.36
21.05.2019,41.2,39.55,41.48,39.21
20.05.2019,41.7,40.56,41.20,39.5
17.05.2019,42.21,44.39,44.45,41.78
16.05.2019,45.67,45.90,46.20,45.30
15.05.2019,46.39,45.86,46.49,45.5
14.05.2019,46.46,45.86,46.90,45.60
13.05.2019,45.40,46.40,46.49,44.90
10.05.2019,47.90,47.95,48.40,47.20
09.05.2019,48.40,48.40,48.74,47.39
08.05.2019,48.97,49.39,50.12,48.84
07.05.2019,49.41,51.36,51.44,49.2
06.05.2019,51.7,50.0,51.67,49.70
03.05.2019,51.1,48.77,51.32,48.70
02.05.2019,48.82,49.10,49.43,47.54
01.05.2019,46.80,47.77,48.0,46.30
30.04.2019,47.74,48.41,48.84,47.40
29.04.2019,48.29,47.17,48.80,46.43
26.04.2019,47.3,49.30,49.34,46.23
25.04.2019,49.53,51.0,51.80,49.21
24.04.2019,51.73,52.77,53.6,51.60
23.04.2019,52.78,52.3,53.12,51.15
22.04.2019,52.55,53.80,53.94,52.50
18.04.2019,54.65,54.25,54.97,53.95
17.04.2019,54.25,54.95,54.96,53.71
16.04.2019,54.67,53.15,55.0,52.94
15.04.2019,53.28,53.73,53.78,51.73
12.04.2019,53.54,54.4,54.39,53.37
11.04.2019,53.68,53.66,54.10,53.12
10.04.2019,55.21,55.35,55.68,54.58
09.04.2019,54.46,54.33,55.0,53.92
08.04.2019,54.64,55.54,56.23,54.9
05.04.2019,54.99,53.97,55.22,53.22
04.04.2019,53.56,52.38,54.24,52.12
03.04.2019,58.36,57.46,59.23,57.43
02.04.2019,57.18,57.66,57.89,56.78
01.04.2019,57.84,56.52,57.84,56.26
29.03.2019,55.97,55.74,56.3,54.90
28.03.2019,55.72,55.43,56.7,55.2
27.03.2019,54.97,53.75,55.7,53.64
26.03.2019,53.55,52.89,54.5,52.89
25.03.2019,52.8,51.94,52.64,50.89
22.03.2019,52.91,54.52,54.56,52.80
21.03.2019,54.80,54.52,55.29,53.69
20.03.2019,54.72,53.94,54.99,53.26
19.03.2019,53.49,53.50,54.66,52.69
18.03.2019,53.90,55.20,55.61,53.46
15.03.2019,55.9,56.70,56.74,54.88
14.03.2019,57.99,58.49,59.8,57.66
13.03.2019,57.79,56.78,58.40,56.54
12.03.2019,56.67,57.30,57.61,56.21
11.03.2019,58.18,56.70,58.26,56.10
08.03.2019,56.83,55.38,57.12,55.18
07.03.2019,55.32,55.77,56.94,54.85
06.03.2019,55.25,55.30,56.30,54.88
05.03.2019,55.31,56.40,56.80,54.2
04.03.2019,57.7,59.62,59.80,56.56
01.03.2019,58.96,61.39,61.43,58.38
28.02.2019,63.98,63.78,64.0,62.16
27.02.2019,62.95,60.36,63.26,60.11
26.02.2019,59.57,58.44,60.40,57.75
25.02.2019,59.75,59.58,60.58,59.40
22.02.2019,58.94,58.90,59.30,58.42
21.02.2019,58.25,60.36,60.65,58.10
20.02.2019,60.51,60.88,61.26,59.80
19.02.2019,61.13,61.31,62.31,61.9
15.02.2019,61.58,60.90,61.60,60.78
14.02.2019,60.75,60.68,61.35,60.20
13.02.2019,61.63,62.47,62.55,61.11
12.02.2019,62.36,63.24,63.64,61.92
11.02.2019,62.57,62.32,63.72,62.10
08.02.2019,61.16,61.37,61.49,59.70
07.02.2019,61.50,62.66,62.94,60.60
06.02.2019,63.44,63.92,64.85,63.12
05.02.2019,64.27,62.50,64.49,62.45
04.02.2019,62.58,62.60,63.6,60.38
01.02.2019,62.44,61.8,63.22,60.70
31.01.2019,61.40,60.20,62.31,58.80
30.01.2019,61.75,60.9,61.80,59.70
29.01.2019,59.49,59.5,59.71,58.36
28.01.2019,59.28,58.58,59.49,57.55
25.01.2019,59.41,58.88,59.70,57.91
24.01.2019,58.30,56.61,58.74,55.86
23.01.2019,57.52,58.50,58.90,56.34
22.01.2019,59.78,60.96,61.60,59.10
18.01.2019,60.45,64.60,65.43,59.95
17.01.2019,69.46,69.24,70.30,68.83
16.01.2019,69.21,68.96,70.40,68.70
15.01.2019,68.89,67.0,69.76,66.90
14.01.2019,66.88,68.48,68.50,66.80
11.01.2019,69.45,68.42,69.68,67.75
10.01.2019,68.99,66.88,69.8,66.36
09.01.2019,67.71,67.10,68.70,66.29
08.01.2019,67.7,68.39,68.80,65.40
07.01.2019,66.99,64.34,67.35,63.55
04.01.2019,63.54,61.20,63.60,60.55
03.01.2019,60.7,61.40,61.88,59.48
02.01.2019,62.2,61.22,63.3,59.76
31.12.2018,66.56,67.56,67.84,65.5
28.12.2018,66.77,64.62,67.25,63.68
27.12.2018,63.23,63.97,64.43,60.30
26.12.2018,65.22,60.0,65.39,58.82
24.12.2018,59.8,62.70,62.90,59.4
21.12.2018,63.95,63.48,64.69,62.49
20.12.2018,63.8,65.41,66.6,62.37
19.12.2018,66.59,67.52,69.40,65.95
18.12.2018,67.41,70.11,70.31,66.74
17.12.2018,69.68,72.40,73.14,68.78
14.12.2018,73.14,75.0,75.57,72.87
13.12.2018,75.36,74.3,75.49,73.35
12.12.2018,73.32,73.88,74.38,73.3
11.12.2018,73.35,73.98,74.43,72.5
10.12.2018,73.3,72.0,73.20,70.62
07.12.2018,71.59,73.80,75.90,71.53
06.12.2018,72.61,71.20,73.48,70.15
04.12.2018,71.94,71.21,73.74,70.40
03.12.2018,71.70,72.0,73.20,70.40
30.11.2018,70.10,68.37,70.32,67.65
29.11.2018,68.23,69.40,69.50,67.91
28.11.2018,69.57,69.20,69.66,68.44
27.11.2018,68.78,68.1,69.39,67.10
26.11.2018,69.20,65.0,69.24,65.0
23.11.2018,65.17,66.87,67.50,65.11
21.11.2018,67.64,70.40,70.62,67.48
20.11.2018,69.50,68.35,69.96,66.71
19.11.2018,70.69,71.27,73.35,70.58
16.11.2018,70.86,69.4,71.14,69.2
15.11.2018,69.69,68.47,69.72,67.81
14.11.2018,68.80,68.54,69.42,67.43
13.11.2018,67.75,66.63,68.94,66.44
12.11.2018,66.26,69.67,69.96,66.7
09.11.2018,70.10,69.80,70.80,69.5
08.11.2018,70.28,69.70,71.52,69.69
07.11.2018,69.63,68.67,70.24,68.16
06.11.2018,68.21,67.81,69.76,67.22
05.11.2018,68.28,68.10,68.79,66.3
02.11.2018,69.28,68.75,69.84,68.18
01.11.2018,68.86,67.65,69.57,66.94
31.10.2018,67.46,66.51,68.40,65.82
30.10.2018,65.98,65.68,67.58,64.45
29.10.2018,66.97,67.49,69.43,65.30
26.10.2018,66.18,61.65,67.98,61.33
25.10.2018,62.97,63.44,64.20,60.20
24.10.2018,57.70,60.21,60.89,57.15
23.10.2018,58.83,52.77,59.59,52.42
22.10.2018,52.19,52.14,52.37,50.52
19.10.2018,52.0,53.48,53.93,50.70
18.10.2018,52.78,53.86,54.20,52.60
17.10.2018,54.36,56.48,56.54,53.16
16.10.2018,55.32,53.14,55.48,52.45
15.10.2018,51.92,51.81,52.66,50.91
12.10.2018,51.76,52.20,52.40,50.40
11.10.2018,50.45,51.51,52.45,49.81
10.10.2018,51.38,52.92,53.10,49.55
09.10.2018,52.56,51.5,53.35,50.66
08.10.2018,50.11,52.90,53.55,49.80
05.10.2018,52.39,54.93,54.98,52.0
04.10.2018,56.37,58.79,58.80,55.53
03.10.2018,58.96,60.67,60.92,58.31
02.10.2018,60.20,62.79,63.37,59.83
01.10.2018,62.14,61.15,62.29,60.21
28.09.2018,52.95,54.5,55.60,52.11
27.09.2018,61.50,62.58,62.99,61.38
26.09.2018,61.92,60.38,62.78,60.22
25.09.2018,60.20,60.0,60.92,59.30
24.09.2018,59.94,59.70,60.60,58.72
21.09.2018,59.82,59.54,60.12,59.7
20.09.2018,59.67,60.71,61.20,58.67
19.09.2018,59.80,56.10,60.0,56.10
18.09.2018,56.99,59.34,60.53,55.10
17.09.2018,58.97,58.1,60.17,57.63
14.09.2018,59.4,57.75,59.47,57.30
13.09.2018,57.89,57.60,59.0,57.4
12.09.2018,58.11,56.29,58.50,55.73
11.09.2018,55.89,55.89,56.40,54.71
10.09.2018,57.10,54.65,57.21,54.20
07.09.2018,52.65,52.2,53.67,50.45
06.09.2018,56.19,56.96,58.23,55.78
05.09.2018,56.15,57.1,57.36,55.44
04.09.2018,57.79,59.39,59.64,57.60
31.08.2018,60.33,60.40,61.6,59.72
30.08.2018,60.63,60.45,60.92,59.54
29.08.2018,61.0,62.5,62.37,60.74
28.08.2018,62.37,63.68,63.78,62.24
27.08.2018,63.85,63.60,64.49,61.76
24.08.2018,64.56,64.14,64.77,63.88
23.08.2018,64.2,63.83,65.46,63.62
22.08.2018,64.33,64.17,64.78,62.93
21.08.2018,64.38,62.12,64.96,61.80
20.08.2018,61.69,58.34,61.70,57.64
17.08.2018,61.10,64.70,65.35,60.71
16.08.2018,67.9,67.98,68.46,66.76
15.08.2018,67.74,68.38,68.90,66.43
14.08.2018,69.53,71.69,71.84,69.42
13.08.2018,71.28,72.23,72.64,69.80
10.08.2018,71.10,70.80,72.0,69.20
09.08.2018,70.49,73.11,73.40,69.15
08.08.2018,74.7,73.82,76.53,73.42
07.08.2018,75.91,68.77,77.49,67.83
06.08.2018,68.40,69.9,71.0,68.36
03.08.2018,69.63,69.56,71.0,68.51
02.08.2018,69.91,65.69,70.0,64.63
01.08.2018,60.17,59.60,60.60,58.60
31.07.2018,59.63,58.45,59.66,57.81
30.07.2018,58.3,59.18,59.22,57.23
27.07.2018,59.44,61.45,61.54,59.7
26.07.2018,61.33,60.97,62.14,60.73
25.07.2018,61.75,59.35,61.92,58.90
24.07.2018,59.49,60.88,61.54,58.51
23.07.2018,60.64,60.37,61.10,58.57
20.07.2018,62.72,64.25,64.65,62.34
19.07.2018,64.5,63.27,64.71,62.80
18.07.2018,64.77,65.0,65.10,63.25
17.07.2018,64.54,61.76,64.95,61.70
16.07.2018,62.2,62.34,63.3,61.25
13.07.2018,63.77,63.12,63.92,61.85
12.07.2018,63.34,64.29,64.65,62.55
11.07.2018,63.79,63.16,64.39,63.1
10.07.2018,64.49,64.91,65.54,63.84
09.07.2018,63.70,62.40,63.70,61.60
06.07.2018,61.78,60.99,62.41,60.40
05.07.2018,61.83,62.75,62.88,59.24
03.07.2018,62.17,66.35,66.50,61.94
02.07.2018,67.1,72.1,72.96,65.97
29.06.2018,68.59,70.67,70.77,68.48
28.06.2018,69.99,69.73,71.40,69.22
27.06.2018,68.90,69.0,70.16,67.90
26.06.2018,68.40,67.21,68.71,65.16
25.06.2018,66.60,66.2,67.69,65.50
22.06.2018,66.73,70.31,70.45,66.40
21.06.2018,69.50,72.40,73.24,69.25
20.06.2018,72.44,71.61,72.88,70.40
19.06.2018,70.51,73.3,74.0,69.25
18.06.2018,74.17,71.8,74.75,70.90
15.06.2018,71.63,70.77,72.93,70.25
14.06.2018,71.54,69.53,71.75,69.32
13.06.2018,68.96,69.34,69.44,67.96
12.06.2018,68.55,68.94,70.99,67.60
11.06.2018,66.42,64.50,66.93,64.50
08.06.2018,63.53,63.80,64.90,63.43
07.06.2018,63.22,63.23,66.0,62.72
06.06.2018,63.90,60.10,64.43,59.50
05.06.2018,58.23,59.54,59.56,57.35
04.06.2018,59.35,58.87,59.80,58.71
01.06.2018,58.36,57.17,58.39,56.77
31.05.2018,56.95,57.44,58.7,56.59
30.05.2018,58.34,56.66,59.0,56.32
29.05.2018,56.75,55.70,57.30,55.23
25.05.2018,55.77,55.53,55.93,55.12
24.05.2018,55.57,55.68,56.22,54.98
23.05.2018,55.81,55.55,55.98,54.80
22.05.2018,55.0,57.55,57.60,54.68
21.05.2018,56.90,56.27,58.30,56.26
18.05.2018,55.36,56.93,56.93,54.80
17.05.2018,56.91,57.18,57.84,56.79
16.05.2018,57.30,56.77,57.76,56.31
15.05.2018,56.84,57.0,57.39,56.10
14.05.2018,58.39,60.66,60.99,58.32
11.05.2018,60.21,61.54,61.78,59.82
10.05.2018,61.0,61.50,62.60,60.82
09.05.2018,61.37,60.8,61.40,60.1
08.05.2018,60.39,60.16,61.55,59.80
07.05.2018,60.55,59.50,61.19,59.3
04.05.2018,58.82,56.60,59.37,55.90
03.05.2018,56.89,55.76,57.61,55.5
02.05.2018,60.23,59.71,61.37,59.56
01.05.2018,59.98,58.70,60.16,58.64
30.04.2018,58.78,58.72,59.75,58.50
27.04.2018,58.81,57.7,58.89,56.77
26.04.2018,57.10,55.75,57.16,55.30
25.04.2018,56.14,56.70,57.3,55.45
24.04.2018,56.69,57.0,57.42,55.69
23.04.2018,56.67,58.26,58.32,56.47
20.04.2018,58.5,59.3,60.0,57.95
19.04.2018,60.2,58.22,60.20,57.71
18.04.2018,58.67,58.22,60.5,57.63
17.04.2018,57.54,57.77,58.43,56.50
16.04.2018,58.24,59.80,59.93,57.80
13.04.2018,60.7,60.72,60.79,59.20
12.04.2018,58.82,60.46,60.79,58.74
11.04.2018,60.19,60.15,61.80,59.93
10.04.2018,60.94,59.79,61.42,58.74
09.04.2018,57.93,60.7,61.90,57.84
06.04.2018,59.86,60.20,61.86,59.10
05.04.2018,61.14,57.87,61.25,57.64
04.04.2018,57.39,50.56,57.67,50.40
03.04.2018,53.51,53.96,54.67,50.90
02.04.2018,50.50,51.25,52.7,48.92
29.03.2018,53.23,51.30,54.19,49.64
28.03.2018,51.56,52.92,53.74,50.42
27.03.2018,55.84,60.80,60.85,55.44
26.03.2018,60.84,61.47,61.52,58.27
23.03.2018,60.31,62.25,62.32,60.9
22.03.2018,61.82,62.78,63.76,61.64
21.03.2018,63.31,62.5,64.49,62.4
20.03.2018,62.11,62.97,63.25,61.75
19.03.2018,62.71,63.30,64.15,61.93
16.03.2018,64.27,65.19,65.48,63.81
15.03.2018,65.12,65.88,66.57,64.22
14.03.2018,65.33,67.35,67.96,64.79
13.03.2018,68.37,68.98,69.2,67.25
12.03.2018,69.10,65.72,69.44,65.30
09.03.2018,65.43,64.82,65.70,64.47
08.03.2018,65.82,66.57,66.66,65.25
07.03.2018,66.46,65.9,66.50,64.35
06.03.2018,65.64,66.75,67.27,65.41
05.03.2018,66.67,66.48,67.55,65.86
02.03.2018,67.2,65.40,67.4,64.59
01.03.2018,66.19,69.0,69.73,66.1
28.02.2018,68.61,70.51,71.5,68.44
27.02.2018,70.20,71.25,72.0,70.0
26.02.2018,71.48,70.70,71.80,70.47
23.02.2018,70.41,69.57,71.0,69.42
22.02.2018,69.23,67.11,69.49,66.95
21.02.2018,66.66,67.21,67.94,66.63
20.02.2018,66.95,66.89,68.17,66.30
16.02.2018,67.10,66.50,68.62,66.33
15.02.2018,66.81,64.90,66.82,64.48
14.02.2018,64.46,64.17,65.23,63.70
13.02.2018,64.73,63.0,64.84,62.50
12.02.2018,63.15,63.23,63.62,61.25
09.02.2018,62.8,63.99,64.20,58.95
08.02.2018,63.5,68.66,69.72,62.92
07.02.2018,69.0,67.80,69.20,67.13
06.02.2018,66.79,65.4,67.24,64.70
05.02.2018,66.63,67.59,68.89,66.60
02.02.2018,68.75,69.69,70.39,68.10
01.02.2018,69.85,70.20,71.93,69.73
31.01.2018,70.86,69.50,71.24,69.4
30.01.2018,69.16,69.3,69.65,68.43
29.01.2018,69.91,67.97,70.17,67.66
26.01.2018,68.57,68.30,68.80,67.14
25.01.2018,67.53,69.65,69.84,67.28
24.01.2018,69.18,70.92,70.95,68.70
23.01.2018,70.56,72.0,72.10,70.20
22.01.2018,70.31,69.88,71.57,69.84
19.01.2018,70.0,69.0,70.12,68.52
18.01.2018,68.91,69.13,70.46,68.75
17.01.2018,69.43,68.9,69.80,67.95
16.01.2018,68.1,67.51,69.0,66.96
12.01.2018,67.24,67.73,68.8,66.73
11.01.2018,67.59,67.5,68.96,66.65
10.01.2018,66.96,66.44,67.40,66.0
09.01.2018,66.74,67.3,67.76,65.48
08.01.2018,67.28,63.20,67.40,63.10
05.01.2018,63.32,63.32,63.45,62.40
04.01.2018,62.92,62.57,63.71,61.14
03.01.2018,63.45,64.20,65.5,63.11
02.01.2018,64.11,62.40,64.42,62.20
29.12.2017,62.27,63.24,63.28,62.0
28.12.2017,63.7,62.35,63.16,61.91
27.12.2017,62.33,63.20,63.54,62.15
26.12.2017,63.46,64.77,64.79,63.32
22.12.2017,65.4,65.90,66.18,64.96
21.12.2017,66.33,65.92,66.75,65.44
20.12.2017,65.80,66.54,66.62,65.1
19.12.2017,66.22,68.5,68.30,66.6
18.12.2017,67.77,68.98,69.35,67.52
15.12.2017,68.69,68.41,68.78,67.15
14.12.2017,67.58,68.20,69.49,67.38
13.12.2017,67.81,68.19,68.84,67.30
12.12.2017,68.21,66.9,68.29,66.1
11.12.2017,65.78,62.93,65.80,62.75
08.12.2017,63.3,62.92,63.40,62.25
07.12.2017,62.25,62.40,63.73,62.21
06.12.2017,62.65,60.2,62.68,60.0
05.12.2017,60.74,60.40,61.60,60.20
04.12.2017,61.4,61.30,61.65,60.12
01.12.2017,61.31,61.9,62.6,61.1
30.11.2017,61.77,61.71,62.14,60.91
29.11.2017,61.51,63.46,63.60,60.25
28.11.2017,63.51,63.27,64.0,62.78
27.11.2017,63.36,62.65,63.47,61.90
24.11.2017,63.11,62.76,63.28,62.20
22.11.2017,62.52,63.35,63.48,62.37
21.11.2017,63.56,62.17,63.65,61.74
20.11.2017,61.75,62.76,63.10,60.95
17.11.2017,63.1,65.13,65.33,62.63
16.11.2017,62.50,62.80,63.63,62.26
15.11.2017,62.26,61.20,62.50,60.30
14.11.2017,61.74,63.0,63.27,61.38
13.11.2017,63.8,60.3,63.36,59.82
10.11.2017,60.60,60.50,61.67,60.37
09.11.2017,60.60,60.50,60.89,59.26
08.11.2017,60.88,61.10,61.38,60.26
07.11.2017,61.21,60.20,61.30,60.1
06.11.2017,60.56,61.40,61.50,59.80
03.11.2017,61.22,59.90,61.25,59.3
02.11.2017,59.85,60.3,61.74,58.53
01.11.2017,64.22,66.45,66.52,64.5
31.10.2017,66.31,64.5,66.39,64.4
30.10.2017,64.2,63.84,64.76,63.45
27.10.2017,64.17,63.95,64.92,63.33
26.10.2017,65.23,65.56,66.5,64.64
25.10.2017,65.17,67.34,67.50,64.71
24.10.2017,67.47,67.76,68.56,67.23
23.10.2017,67.40,69.98,69.99,67.25
20.10.2017,69.2,70.54,70.91,68.87
19.10.2017,70.36,71.11,71.43,69.64
18.10.2017,71.93,71.19,72.60,70.83
17.10.2017,71.15,70.18,71.24,70.1
16.10.2017,70.12,70.75,70.90,69.43
13.10.2017,71.11,71.40,71.70,70.74
12.10.2017,71.14,70.59,71.96,70.53
11.10.2017,70.92,70.78,71.52,70.23
10.10.2017,71.12,69.36,71.13,69.11
09.10.2017,68.59,69.93,70.35,68.53
06.10.2017,71.38,70.62,72.2,70.45
05.10.2017,71.7,71.20,71.49,70.27
04.10.2017,71.0,70.25,71.72,69.92
03.10.2017,69.63,67.18,69.71,66.26
02.10.2017,68.31,68.50,68.74,67.10
29.09.2017,68.22,68.37,68.94,67.72
28.09.2017,67.92,67.98,68.55,67.8
27.09.2017,68.19,69.98,70.30,68.10
26.09.2017,69.5,70.19,70.25,68.18
25.09.2017,69.0,70.63,71.49,68.58
22.09.2017,70.22,73.30,73.98,70.18
21.09.2017,73.30,74.98,75.37,72.90
20.09.2017,74.78,74.60,75.65,74.21
19.09.2017,75.2,76.0,76.48,74.71
18.09.2017,77.0,76.5,77.92,75.54
15.09.2017,75.96,74.90,76.0,74.54
14.09.2017,75.53,72.87,75.59,72.53
13.09.2017,73.25,72.76,73.61,71.92
12.09.2017,72.55,72.90,73.75,72.8
11.09.2017,72.74,70.27,72.74,70.0
08.09.2017,68.68,69.80,69.96,68.46
07.09.2017,70.12,69.20,70.50,68.69
06.09.2017,68.91,69.90,70.20,68.31
05.09.2017,69.92,70.76,71.10,69.18
01.09.2017,71.8,71.22,71.52,70.74
31.08.2017,71.18,70.71,71.69,70.56
30.08.2017,70.64,69.93,70.69,69.40
29.08.2017,69.47,67.90,69.81,67.75
28.08.2017,69.13,69.46,69.47,67.94
25.08.2017,69.61,70.85,71.14,69.46
24.08.2017,70.59,70.50,71.33,69.95
23.08.2017,70.55,67.80,70.70,67.66
22.08.2017,68.27,68.23,68.45,67.47
21.08.2017,67.57,69.16,69.16,66.37
18.08.2017,69.49,70.58,70.80,69.16
17.08.2017,70.38,72.24,72.66,70.32
16.08.2017,72.58,72.60,73.30,72.50
15.08.2017,72.47,73.4,73.10,71.87
14.08.2017,72.76,72.93,73.53,72.52
11.08.2017,71.57,71.39,72.25,70.72
10.08.2017,71.8,72.32,73.33,70.93
09.08.2017,72.71,72.20,74.0,71.79
08.08.2017,73.4,71.51,73.72,71.48
07.08.2017,71.3,71.47,71.90,70.55
04.08.2017,71.38,69.40,71.45,68.66
03.08.2017,69.42,69.7,70.0,68.63
02.08.2017,65.18,63.79,65.42,62.24
01.08.2017,63.91,64.60,64.89,63.23
31.07.2017,64.69,67.10,68.30,64.21
28.07.2017,67.1,67.38,67.92,66.50
27.07.2017,66.89,69.20,69.50,65.26
26.07.2017,68.77,68.7,69.10,67.62
25.07.2017,67.92,69.0,69.12,66.83
24.07.2017,68.50,66.5,68.68,66.0
21.07.2017,65.68,65.89,66.25,65.16
20.07.2017,65.98,65.38,66.4,64.84
19.07.2017,65.5,65.65,66.33,64.64
18.07.2017,65.65,63.50,65.83,63.13
17.07.2017,63.91,65.11,65.42,62.69
14.07.2017,65.56,64.64,65.68,64.24
13.07.2017,64.68,66.2,66.32,63.99
12.07.2017,65.90,66.8,66.62,64.90
11.07.2017,65.44,63.20,65.46,62.86
10.07.2017,63.21,62.58,63.59,60.63
07.07.2017,62.64,62.70,63.40,61.48
06.07.2017,61.77,63.45,64.16,61.26
05.07.2017,65.42,69.44,69.45,65.27
03.07.2017,70.52,74.5,74.27,70.30
30.06.2017,72.32,72.74,73.35,71.92
29.06.2017,72.15,74.12,74.20,70.82
28.06.2017,74.25,73.34,74.35,72.50
27.06.2017,72.47,75.28,75.28,72.40
26.06.2017,75.50,77.34,77.39,74.62
23.06.2017,76.69,76.49,77.40,75.87
22.06.2017,76.52,75.60,77.0,74.71
21.06.2017,75.28,74.87,75.40,73.60
20.06.2017,74.45,75.33,75.78,73.95
19.06.2017,73.96,75.0,75.34,73.56
16.06.2017,74.28,75.59,75.60,74.2
15.06.2017,75.7,74.50,75.9,73.30
14.06.2017,76.13,76.22,76.85,75.26
13.06.2017,75.19,73.52,75.20,73.32
12.06.2017,71.80,71.60,72.90,70.12
09.06.2017,71.46,74.88,75.37,70.96
08.06.2017,74.0,72.75,74.38,72.4
07.06.2017,71.93,71.27,72.10,71.3
06.06.2017,70.57,68.94,71.90,67.99
05.06.2017,69.46,67.70,69.69,66.84
02.06.2017,67.97,67.95,68.58,67.19
01.06.2017,68.7,68.80,68.98,67.46
31.05.2017,68.20,67.54,68.58,67.3
30.05.2017,67.2,65.20,67.26,65.15
26.05.2017,65.3,63.46,65.10,63.26
25.05.2017,63.37,62.20,63.39,61.56
24.05.2017,62.4,61.30,62.20,61.8
23.05.2017,60.77,62.9,62.15,60.70
22.05.2017,62.7,62.56,62.87,61.36
19.05.2017,62.17,63.10,63.30,62.4
18.05.2017,62.61,61.40,62.79,61.6
17.05.2017,61.22,62.88,62.93,61.10
16.05.2017,63.40,63.52,64.1,63.3
15.05.2017,63.18,63.68,64.4,62.51
12.05.2017,64.96,65.10,65.40,64.31
11.05.2017,64.62,64.68,65.20,63.92
10.05.2017,65.4,64.31,65.10,63.62
09.05.2017,64.25,61.88,64.40,61.82
08.05.2017,61.44,62.18,62.76,61.16
05.05.2017,61.67,59.60,61.71,59.36
04.05.2017,59.9,61.49,61.55,58.15
03.05.2017,62.20,63.53,64.31,62.9
02.05.2017,63.78,64.80,65.53,63.31
01.05.2017,64.57,62.98,65.45,62.96
28.04.2017,62.81,61.97,62.96,61.60
27.04.2017,61.73,62.34,62.62,61.50
26.04.2017,62.3,62.47,62.90,61.80
25.04.2017,62.76,61.60,62.80,61.17
24.04.2017,61.61,61.84,62.11,61.20
21.04.2017,61.12,60.40,61.28,60.8
20.04.2017,60.50,61.30,61.83,60.5
19.04.2017,61.10,60.49,61.32,60.42
18.04.2017,60.5,59.94,60.17,59.58
17.04.2017,60.29,60.54,60.80,59.74
13.04.2017,60.80,59.34,61.48,59.6
12.04.2017,59.37,61.27,61.69,59.26
11.04.2017,61.74,62.68,62.69,61.10
10.04.2017,62.48,61.83,62.75,61.74
07.04.2017,60.51,59.50,60.54,59.43
06.04.2017,59.74,59.38,60.39,58.82
05.04.2017,59.0,60.41,60.98,58.84
04.04.2017,60.74,59.38,60.96,58.91
03.04.2017,59.70,57.38,59.80,56.92
31.03.2017,55.66,55.75,55.94,55.26
30.03.2017,55.58,55.61,56.40,55.44
29.03.2017,55.48,55.67,55.92,55.11
28.03.2017,55.49,55.40,56.14,55.0
27.03.2017,54.4,52.12,54.11,51.95
24.03.2017,52.63,51.14,52.78,51.0
23.03.2017,50.96,51.8,51.53,50.66
22.03.2017,51.0,50.31,51.1,50.10
21.03.2017,50.14,52.57,52.96,50.5
20.03.2017,52.38,52.12,52.91,51.76
17.03.2017,52.30,52.80,53.7,52.24
16.03.2017,52.41,52.48,53.15,51.81
15.03.2017,51.15,51.40,52.20,50.85
14.03.2017,51.60,49.22,51.62,49.20
13.03.2017,49.23,48.96,49.37,48.56
10.03.2017,48.74,49.24,49.30,48.60
09.03.2017,48.98,49.53,49.73,48.60
08.03.2017,49.37,49.40,50.1,49.6
07.03.2017,49.72,50.38,50.78,49.66
06.03.2017,50.24,49.58,50.34,49.50
03.03.2017,50.31,50.15,50.38,49.80
02.03.2017,50.10,49.94,50.66,49.65
01.03.2017,50.0,50.84,50.97,49.82
28.02.2017,50.0,48.84,50.20,48.78
27.02.2017,49.25,49.63,49.67,48.40
24.02.2017,51.40,50.53,51.65,50.4
23.02.2017,51.20,52.80,52.93,51.11
22.02.2017,54.70,56.6,56.69,54.52
21.02.2017,55.48,55.9,56.28,54.80
17.02.2017,54.45,53.16,54.58,52.83
16.02.2017,53.79,55.52,56.0,53.70
15.02.2017,55.95,56.0,56.45,55.29
14.02.2017,56.20,55.81,57.48,55.72
13.02.2017,56.12,54.15,56.16,54.10
10.02.2017,53.85,53.96,54.19,53.22
09.02.2017,53.84,53.25,54.24,53.23
08.02.2017,52.42,51.47,52.67,51.24
07.02.2017,51.50,51.64,52.0,51.28
06.02.2017,51.55,50.20,51.56,50.13
03.02.2017,50.27,50.38,50.44,49.94
02.02.2017,50.31,49.67,50.48,49.54
01.02.2017,49.85,50.61,50.64,49.81
31.01.2017,50.39,49.85,51.18,49.54
30.01.2017,50.13,50.51,51.6,49.42
27.01.2017,50.59,50.28,50.60,49.70
26.01.2017,50.50,50.86,51.15,50.15
25.01.2017,50.89,51.46,51.69,50.36
24.01.2017,50.92,50.0,50.96,49.93
23.01.2017,49.78,49.17,50.18,49.10
20.01.2017,48.95,49.9,49.20,48.60
19.01.2017,48.75,49.45,49.74,48.15
18.01.2017,47.67,47.33,47.94,47.12
17.01.2017,47.12,47.34,47.99,46.87
13.01.2017,47.55,46.0,47.57,45.92
12.01.2017,45.92,45.81,46.14,45.12
11.01.2017,45.95,45.81,46.0,45.34
10.01.2017,45.97,46.40,46.40,45.38
09.01.2017,46.26,45.79,46.38,45.60
06.01.2017,45.80,45.39,46.6,45.9
05.01.2017,45.35,45.28,45.50,44.39
04.01.2017,45.40,42.95,45.60,42.86
03.01.2017,43.40,42.97,44.7,42.19
30.12.2016,42.74,43.26,43.50,42.34
29.12.2016,42.94,43.71,43.84,42.82
28.12.2016,43.95,44.31,44.76,43.44
27.12.2016,43.91,42.98,44.45,42.88
23.12.2016,42.67,41.60,42.69,41.54
22.12.2016,41.69,41.64,42.0,41.30
21.12.2016,41.54,41.69,42.45,41.48
20.12.2016,41.76,40.61,41.80,40.50
19.12.2016,40.55,40.50,40.89,39.97
16.12.2016,40.50,39.62,40.52,39.52
15.12.2016,39.52,39.68,40.15,39.48
14.12.2016,39.74,39.75,40.60,39.35
13.12.2016,39.63,38.64,40.26,38.60
12.12.2016,38.49,38.56,38.88,38.21
09.12.2016,38.44,38.17,38.77,38.16
08.12.2016,38.46,38.41,38.50,37.91
07.12.2016,38.63,37.23,38.68,37.0
06.12.2016,37.17,37.10,37.32,36.54
05.12.2016,37.36,36.50,37.78,36.50
02.12.2016,36.29,36.58,36.98,36.0
01.12.2016,36.38,37.65,37.71,36.20
30.11.2016,37.88,38.20,38.38,37.50
29.11.2016,37.91,39.11,39.35,37.90
28.11.2016,39.22,39.10,39.87,38.91
25.11.2016,39.33,38.73,39.45,38.73
23.11.2016,38.63,38.12,39.13,37.80
22.11.2016,38.23,37.17,38.29,36.74
21.11.2016,36.90,37.1,37.78,36.88
18.11.2016,37.0,38.13,38.60,37.0
17.11.2016,37.73,36.70,37.90,36.42
16.11.2016,36.79,36.53,36.95,36.24
15.11.2016,36.75,36.56,37.29,36.41
14.11.2016,36.29,37.60,37.65,35.64
11.11.2016,37.71,36.85,37.78,36.60
10.11.2016,37.7,38.21,38.32,36.8
09.11.2016,38.1,37.38,38.40,36.79
08.11.2016,38.99,38.76,39.50,38.25
07.11.2016,38.64,38.72,38.86,38.1
04.11.2016,38.11,37.80,38.69,37.19
03.11.2016,37.48,37.80,38.29,37.41
02.11.2016,37.60,38.1,38.54,37.50
01.11.2016,38.16,39.61,39.70,37.62
31.10.2016,39.55,40.50,40.50,39.16
28.10.2016,39.99,40.80,41.6,39.97
27.10.2016,40.80,42.27,42.74,40.33
26.10.2016,40.45,40.20,40.64,40.2
25.10.2016,40.47,40.58,40.94,40.24
24.10.2016,40.55,40.20,40.79,40.5
21.10.2016,40.2,39.72,40.31,39.48
20.10.2016,39.82,40.42,40.60,39.41
19.10.2016,40.71,39.95,41.33,39.61
18.10.2016,39.82,39.20,39.89,38.65
17.10.2016,38.79,39.41,39.68,38.40
14.10.2016,39.30,40.13,40.29,39.26
13.10.2016,40.5,40.10,40.18,39.41
12.10.2016,40.30,40.19,40.78,40.8
11.10.2016,40.2,40.37,40.44,39.66
10.10.2016,40.19,40.27,40.83,39.93
07.10.2016,39.32,40.20,40.26,39.16
06.10.2016,40.20,40.49,40.84,40.4
05.10.2016,41.69,42.45,42.63,41.62
04.10.2016,42.28,42.62,42.66,41.76
03.10.2016,42.74,42.46,43.13,41.65
30.09.2016,40.81,40.44,41.0,39.91
29.09.2016,40.14,41.12,41.47,40.12
28.09.2016,41.25,41.50,41.65,41.5
27.09.2016,41.16,41.93,42.0,40.92
26.09.2016,41.80,41.30,42.20,41.30
23.09.2016,41.49,41.20,42.4,41.13
22.09.2016,41.29,41.28,41.46,40.60
21.09.2016,41.4,41.27,41.40,40.31
20.09.2016,40.93,41.37,41.55,40.78
19.09.2016,41.27,41.40,41.89,41.0
16.09.2016,41.8,40.8,41.14,39.80
15.09.2016,40.8,39.30,40.50,39.28
14.09.2016,39.28,39.15,39.58,38.97
13.09.2016,39.21,39.41,39.70,38.69
12.09.2016,39.66,39.0,40.27,38.82
09.09.2016,38.89,39.82,39.98,38.74
08.09.2016,39.47,39.91,39.98,39.27
07.09.2016,40.34,41.10,41.30,40.14
06.09.2016,40.57,39.80,40.65,39.80
02.09.2016,39.56,40.47,40.64,39.24
01.09.2016,40.15,41.80,42.22,40.10
31.08.2016,42.40,42.9,42.52,41.73
30.08.2016,42.27,43.22,43.22,42.10
29.08.2016,43.4,44.3,44.8,43.0
26.08.2016,44.0,44.43,44.57,43.76
25.08.2016,44.19,44.62,44.76,44.15
24.08.2016,44.52,45.41,45.43,44.44
23.08.2016,44.97,44.86,45.70,44.56
22.08.2016,44.59,44.83,45.2,44.54
19.08.2016,45.0,44.71,45.3,44.51
18.08.2016,44.70,44.76,45.13,44.46
17.08.2016,44.65,44.87,44.97,44.56
16.08.2016,44.72,45.10,45.44,44.68
15.08.2016,45.12,45.20,45.90,44.99
12.08.2016,45.12,45.8,45.33,44.81
11.08.2016,44.98,45.23,45.51,44.68
10.08.2016,45.13,45.65,45.97,44.92
09.08.2016,45.82,45.36,46.31,45.33
08.08.2016,45.23,45.60,45.92,45.22
05.08.2016,46.1,46.0,46.40,45.48
04.08.2016,46.12,45.14,46.17,44.41
03.08.2016,45.16,45.47,45.94,44.84
02.08.2016,45.44,45.87,45.97,44.28
01.08.2016,46.0,47.10,47.33,45.88
29.07.2016,46.96,46.14,47.6,46.5
28.07.2016,46.12,45.59,46.15,45.32
27.07.2016,45.70,45.87,46.67,45.38
26.07.2016,45.90,45.54,46.0,45.6
25.07.2016,46.0,44.45,46.28,44.27
22.07.2016,44.45,44.40,44.90,43.78
21.07.2016,44.10,45.20,45.57,43.82
20.07.2016,45.67,45.29,45.96,45.0
19.07.2016,45.5,45.0,45.82,44.95
18.07.2016,45.25,43.93,45.42,43.66
15.07.2016,44.8,44.50,44.55,43.93
14.07.2016,44.31,44.62,44.99,44.21
13.07.2016,44.51,45.10,45.12,44.6
12.07.2016,44.93,44.82,45.50,44.64
11.07.2016,44.96,43.99,45.36,43.90
08.07.2016,43.36,43.56,43.96,42.90
07.07.2016,43.19,42.62,43.62,42.60
06.07.2016,42.89,42.0,43.5,41.80
05.07.2016,42.80,41.95,42.91,41.60
01.07.2016,43.30,41.23,43.65,41.20
30.06.2016,42.46,42.59,42.70,41.80
29.06.2016,42.4,41.3,42.36,40.60
28.06.2016,40.36,40.38,40.81,39.88
27.06.2016,39.71,38.17,39.76,37.57
24.06.2016,38.63,38.1,39.2,37.95
23.06.2016,39.28,39.14,39.51,38.43
22.06.2016,39.33,39.89,41.19,39.15
21.06.2016,43.92,44.14,44.51,43.76
20.06.2016,43.94,43.90,44.75,43.65
17.06.2016,43.9,43.56,44.0,42.90
16.06.2016,43.59,43.48,43.61,42.70
15.06.2016,43.54,43.39,44.38,43.3
14.06.2016,42.99,43.78,44.44,42.51
13.06.2016,43.57,43.90,45.15,43.53
10.06.2016,43.76,45.48,45.59,43.68
09.06.2016,45.87,47.0,47.7,45.41
08.06.2016,47.10,46.76,48.17,46.52
07.06.2016,46.47,44.45,46.89,44.30
06.06.2016,44.14,43.60,44.18,43.9
03.06.2016,43.80,44.0,44.39,43.60
02.06.2016,43.79,43.92,43.98,43.42
01.06.2016,43.91,44.30,44.48,43.38
31.05.2016,44.65,44.61,44.95,44.30
27.05.2016,44.61,45.0,45.19,44.15
26.05.2016,45.2,44.10,45.5,43.81
25.05.2016,43.92,43.58,44.27,43.30
24.05.2016,43.58,43.32,43.75,43.4
23.05.2016,43.24,43.97,44.52,43.17
20.05.2016,44.6,43.40,44.11,43.27
19.05.2016,43.4,42.72,43.36,41.46
18.05.2016,42.23,41.83,43.6,41.55
17.05.2016,40.93,41.81,41.96,40.80
16.05.2016,41.66,41.63,42.63,41.58
13.05.2016,41.52,41.56,42.24,41.34
12.05.2016,41.46,42.29,42.33,40.73
11.05.2016,41.79,41.52,43.10,41.21
10.05.2016,41.74,41.51,41.89,41.0
09.05.2016,41.78,43.14,43.23,41.36
06.05.2016,42.99,42.17,43.27,41.62
05.05.2016,42.31,45.69,45.73,41.96
04.05.2016,44.51,46.6,46.89,44.8
03.05.2016,46.46,47.47,47.78,46.32
02.05.2016,48.36,48.30,48.64,46.96
29.04.2016,48.15,49.63,49.69,47.56
28.04.2016,49.54,49.97,50.69,49.49
27.04.2016,50.29,50.55,51.0,49.88
26.04.2016,50.75,50.41,51.15,49.88
25.04.2016,50.36,50.60,51.48,50.15
22.04.2016,50.75,49.78,50.80,49.14
21.04.2016,49.66,49.80,50.18,49.38
20.04.2016,49.99,49.25,50.73,48.30
19.04.2016,49.47,50.62,50.87,48.25
18.04.2016,50.78,50.45,51.66,50.33
15.04.2016,50.90,50.26,50.92,49.82
14.04.2016,50.37,50.60,51.37,50.21
13.04.2016,50.91,49.70,51.10,49.47
12.04.2016,49.56,49.90,50.36,48.73
11.04.2016,49.98,50.20,51.80,49.6
08.04.2016,50.1,52.10,52.16,49.60
07.04.2016,51.44,53.29,53.87,50.90
06.04.2016,53.8,50.79,53.55,50.69
05.04.2016,51.9,48.10,51.31,48.0
04.04.2016,49.40,49.82,50.42,48.73
01.04.2016,47.52,48.97,49.58,46.65
31.03.2016,45.95,45.87,47.48,45.0
30.03.2016,45.38,47.2,47.10,45.30
29.03.2016,46.3,45.98,46.48,45.7
28.03.2016,46.5,46.32,46.96,45.0
24.03.2016,45.55,43.16,45.78,43.0
23.03.2016,44.52,46.47,46.95,44.41
22.03.2016,46.85,47.44,47.80,46.51
21.03.2016,47.66,47.7,47.98,47.0
18.03.2016,46.55,45.82,46.90,45.61
17.03.2016,45.28,44.29,45.70,44.0
16.03.2016,44.39,43.60,44.52,43.40
15.03.2016,43.67,42.85,43.79,42.30
14.03.2016,43.3,42.53,43.34,42.13
11.03.2016,41.50,41.59,41.88,41.7
10.03.2016,41.4,42.0,42.66,40.13
09.03.2016,41.74,40.90,41.87,40.56
08.03.2016,40.52,40.70,41.50,40.44
07.03.2016,41.6,39.54,41.94,39.48
04.03.2016,40.21,39.60,40.81,39.50
03.03.2016,39.15,37.66,39.48,36.84
02.03.2016,37.67,36.75,37.70,36.30
01.03.2016,37.27,38.85,39.19,36.54
29.02.2016,38.39,38.48,39.27,37.84
27.02.2016,190.35,190.35,190.35,190.35
26.02.2016,38.7,37.74,38.40,37.0
25.02.2016,37.49,35.73,37.70,35.4
24.02.2016,35.80,34.55,35.90,33.57
23.02.2016,35.44,35.23,36.35,34.74
22.02.2016,35.55,34.2,35.78,33.97
19.02.2016,33.32,32.73,33.50,32.50
18.02.2016,33.35,34.48,34.59,32.95
17.02.2016,33.74,31.80,33.87,31.34
16.02.2016,31.3,31.74,32.59,30.82
12.02.2016,30.21,31.0,31.40,28.74
11.02.2016,30.9,30.40,32.65,29.40
10.02.2016,28.73,30.10,30.99,28.35
09.02.2016,29.65,28.46,31.96,28.21
08.02.2016,29.60,31.42,31.43,29.20
05.02.2016,32.52,34.26,34.60,31.55
04.02.2016,35.7,34.14,35.20,33.40
03.02.2016,34.70,36.72,36.79,34.4
02.02.2016,36.56,38.48,38.62,36.5
01.02.2016,39.39,37.75,39.90,36.55
29.01.2016,38.24,37.99,38.75,37.62
28.01.2016,37.94,38.16,38.26,36.48
27.01.2016,37.61,38.48,38.65,37.15
26.01.2016,38.71,39.34,39.56,37.78
25.01.2016,39.28,40.1,40.71,39.18
22.01.2016,40.51,40.96,41.10,39.81
21.01.2016,39.99,40.31,40.65,39.0
20.01.2016,39.74,39.88,40.26,38.25
19.01.2016,40.94,41.74,42.9,40.16
15.01.2016,41.0,39.79,41.1,39.45
14.01.2016,41.24,40.44,42.0,38.68
13.01.2016,40.6,42.40,42.53,40.0
12.01.2016,41.99,42.32,42.75,41.6
11.01.2016,41.57,42.80,42.89,40.60
08.01.2016,42.20,43.57,44.9,42.15
07.01.2016,43.13,42.84,43.69,42.73
06.01.2016,43.81,44.0,44.1,43.20
05.01.2016,44.69,45.27,45.38,44.0
04.01.2016,44.68,46.14,46.28,43.80
31.12.2015,48.0,47.70,48.69,47.67
30.12.2015,47.62,47.32,48.73,47.13
29.12.2015,47.44,46.1,47.54,45.91
28.12.2015,45.79,46.30,46.40,45.11
24.12.2015,46.11,46.11,46.38,45.66
23.12.2015,45.94,46.44,46.69,45.63
22.12.2015,45.99,47.0,47.31,45.93
21.12.2015,46.51,46.34,47.17,46.22
18.12.2015,46.9,46.58,47.18,45.86
17.12.2015,46.68,46.79,47.55,45.96
16.12.2015,46.90,44.42,46.98,44.15
15.12.2015,44.22,44.36,44.44,43.60
14.12.2015,43.72,43.50,44.18,42.97
11.12.2015,43.40,45.5,45.15,43.33
10.12.2015,45.41,44.94,45.70,44.73
09.12.2015,44.90,45.34,45.50,44.14
08.12.2015,45.34,45.50,45.76,44.84
07.12.2015,46.23,45.54,47.13,45.23
04.12.2015,46.8,46.49,46.65,45.53
03.12.2015,46.54,47.10,47.49,46.0
02.12.2015,46.40,47.40,47.72,46.25
01.12.2015,47.44,46.21,47.60,46.21
30.11.2015,46.5,46.36,46.86,45.82
27.11.2015,46.32,46.21,46.45,45.40
25.11.2015,45.93,44.27,46.16,44.8
24.11.2015,43.65,43.7,44.20,43.0
23.11.2015,43.55,43.47,43.84,42.94
20.11.2015,44.0,44.70,45.0,42.72
19.11.2015,44.36,44.11,45.24,44.6
18.11.2015,44.21,42.90,44.28,42.50
17.11.2015,42.80,43.4,43.20,42.28
16.11.2015,42.86,41.22,43.0,41.16
13.11.2015,41.44,42.59,42.60,41.30
12.11.2015,42.59,43.57,43.80,42.53
11.11.2015,43.82,43.55,43.90,42.73
10.11.2015,43.30,44.70,44.74,43.22
09.11.2015,45.7,46.60,46.60,44.86
06.11.2015,46.47,46.14,46.67,45.90
05.11.2015,46.35,46.12,46.92,45.84
04.11.2015,46.33,45.40,46.55,45.4
03.11.2015,41.67,42.77,42.89,41.55
02.11.2015,42.76,41.78,43.16,41.44
30.10.2015,41.39,42.8,42.33,40.78
29.10.2015,42.33,42.35,42.75,42.13
28.10.2015,42.59,42.26,42.69,41.66
27.10.2015,42.7,42.97,43.42,41.50
26.10.2015,43.5,42.28,43.18,42.0
23.10.2015,41.82,43.0,43.7,41.54
22.10.2015,42.34,42.31,43.15,41.88
21.10.2015,42.2,42.40,42.96,41.76
20.10.2015,42.61,45.54,45.72,40.40
19.10.2015,45.62,45.30,46.23,44.99
16.10.2015,45.40,44.61,46.10,44.57
15.10.2015,44.26,43.29,44.35,42.74
14.10.2015,43.38,44.13,44.19,43.9
13.10.2015,43.85,42.66,44.50,42.23
12.10.2015,43.12,44.60,44.60,43.5
09.10.2015,44.14,44.19,44.87,43.67
08.10.2015,45.34,46.2,46.14,44.26
07.10.2015,46.39,47.33,47.54,45.82
06.10.2015,48.29,48.0,48.61,47.12
05.10.2015,49.23,49.77,49.97,48.83
02.10.2015,49.51,47.12,49.54,46.99
01.10.2015,47.98,49.50,49.70,47.43
30.09.2015,49.68,50.40,50.48,48.47
29.09.2015,49.33,50.9,50.95,49.9
28.09.2015,49.69,51.47,51.96,49.32
25.09.2015,51.38,53.32,53.38,51.23
24.09.2015,52.62,51.91,52.69,51.24
23.09.2015,52.21,52.39,52.42,51.52
22.09.2015,52.19,51.81,52.53,51.17
21.09.2015,52.84,52.80,54.31,51.16
18.09.2015,52.12,51.59,52.76,51.50
17.09.2015,52.41,52.79,53.10,52.14
16.09.2015,52.45,50.61,52.58,50.58
15.09.2015,50.71,50.55,50.92,49.90
14.09.2015,50.64,50.22,50.85,49.93
11.09.2015,50.5,49.53,50.5,48.95
10.09.2015,49.70,49.45,50.14,49.7
09.09.2015,49.78,50.41,50.85,49.66
08.09.2015,49.63,49.1,49.83,48.81
04.09.2015,48.39,48.18,48.82,47.64
03.09.2015,49.11,50.41,50.42,49.0
02.09.2015,49.54,49.6,49.58,47.96
01.09.2015,47.73,48.7,49.20,47.39
31.08.2015,49.81,49.12,50.99,49.10
28.08.2015,49.70,48.37,50.29,48.31
27.08.2015,48.60,46.20,48.95,46.16
26.08.2015,44.97,45.59,45.60,43.10
25.08.2015,44.1,46.10,46.18,43.82
24.08.2015,43.77,40.56,46.28,39.0
21.08.2015,46.15,47.20,48.76,46.10
20.08.2015,48.44,50.41,50.91,48.38
19.08.2015,51.5,52.7,52.13,51.0
18.08.2015,52.14,51.8,52.19,50.71
17.08.2015,51.0,51.11,51.32,50.10
14.08.2015,48.63,49.45,49.59,48.35
13.08.2015,48.50,47.97,49.30,47.82
12.08.2015,47.63,47.0,47.95,46.55
11.08.2015,47.47,47.43,47.86,46.89
10.08.2015,48.23,47.63,48.59,47.21
07.08.2015,48.50,48.72,48.75,47.68
06.08.2015,49.23,49.91,51.0,47.22
05.08.2015,54.3,52.72,54.20,52.8
04.08.2015,53.26,52.0,53.34,51.67
03.08.2015,52.0,53.26,53.34,51.41
31.07.2015,53.23,53.52,53.87,53.2
30.07.2015,53.36,52.54,53.39,52.42
29.07.2015,52.76,52.85,53.58,52.40
28.07.2015,52.96,51.15,53.8,50.37
27.07.2015,50.60,52.49,52.89,50.16
24.07.2015,53.8,53.48,54.22,52.78
23.07.2015,53.44,53.93,53.98,53.5
22.07.2015,53.57,52.25,53.89,52.17
21.07.2015,53.35,54.1,54.70,53.31
20.07.2015,56.45,55.0,57.33,54.51
17.07.2015,54.93,54.50,55.11,53.65
16.07.2015,53.34,52.84,53.44,52.63
15.07.2015,52.63,53.35,53.50,52.42
14.07.2015,53.13,52.42,53.20,52.10
13.07.2015,52.43,52.45,52.51,51.21
10.07.2015,51.83,52.44,52.60,51.56
09.07.2015,51.58,51.82,52.59,51.36
08.07.2015,50.99,51.86,52.16,50.86
07.07.2015,53.58,55.0,55.4,52.15
06.07.2015,55.94,55.78,56.34,55.26
02.07.2015,56.0,56.4,56.49,54.66
01.07.2015,53.83,54.22,54.52,53.57
30.06.2015,53.65,52.96,54.18,52.80
29.06.2015,52.40,52.39,53.19,52.14
26.06.2015,53.42,53.78,53.82,53.20
25.06.2015,53.76,53.29,54.28,53.5
24.06.2015,53.3,53.40,53.47,52.74
23.06.2015,53.53,52.6,53.60,51.71
22.06.2015,51.96,52.43,52.88,51.14
19.06.2015,52.50,52.48,52.76,52.2
18.06.2015,52.38,52.40,52.69,52.0
17.06.2015,52.8,50.43,52.87,50.40
16.06.2015,50.62,50.3,50.69,49.82
15.06.2015,50.8,49.94,50.26,49.20
12.06.2015,50.14,50.4,50.69,50.4
11.06.2015,50.28,50.65,50.87,50.9
10.06.2015,50.14,50.38,50.80,49.70
09.06.2015,51.20,51.8,51.55,50.83
08.06.2015,51.26,50.17,51.75,50.6
05.06.2015,49.83,49.20,49.94,49.14
04.06.2015,49.18,49.50,49.86,49.14
03.06.2015,49.80,49.64,50.14,49.40
02.06.2015,49.67,49.78,49.88,49.26
01.06.2015,49.89,50.28,50.32,49.49
29.05.2015,50.16,50.20,50.57,49.89
28.05.2015,50.29,49.41,50.36,49.1
27.05.2015,49.49,49.70,49.90,49.11
26.05.2015,49.49,49.54,50.40,49.30
22.05.2015,49.55,49.8,49.72,49.0
21.05.2015,49.12,48.61,49.32,48.47
20.05.2015,48.87,49.43,49.55,48.27
19.05.2015,49.43,49.69,50.20,49.23
18.05.2015,49.75,49.40,49.98,49.20
15.05.2015,49.77,48.79,49.88,48.50
14.05.2015,48.82,48.96,48.98,48.25
13.05.2015,48.64,49.52,49.66,48.45
12.05.2015,48.95,48.2,49.27,47.64
11.05.2015,47.90,47.26,48.58,47.6
08.05.2015,47.32,47.20,47.68,46.74
07.05.2015,47.36,44.20,47.50,44.5
06.05.2015,46.9,46.82,46.89,45.64
05.05.2015,46.59,47.55,47.90,45.83
04.05.2015,46.10,45.64,46.95,45.42
01.05.2015,45.21,45.99,46.35,44.8
30.04.2015,45.21,46.8,46.58,45.3
29.04.2015,46.49,46.1,46.99,45.53
28.04.2015,46.10,46.95,47.10,45.61
27.04.2015,46.31,44.51,47.75,44.40
24.04.2015,43.69,44.10,44.16,43.60
23.04.2015,43.72,43.65,44.30,43.43
22.04.2015,43.89,42.50,44.38,42.34
21.04.2015,41.88,41.16,42.15,40.86
20.04.2015,41.5,41.36,41.57,40.77
17.04.2015,41.36,41.0,41.38,40.70
16.04.2015,41.34,41.54,41.83,41.26
15.04.2015,41.57,41.49,41.92,41.32
14.04.2015,41.49,41.71,41.90,41.10
13.04.2015,41.96,42.9,42.60,41.81
10.04.2015,42.18,41.97,42.33,41.80
09.04.2015,42.2,41.69,42.7,41.22
08.04.2015,41.53,41.64,42.18,41.17
07.04.2015,40.65,40.50,41.1,40.23
06.04.2015,40.62,39.60,41.55,39.50
02.04.2015,38.20,38.5,38.65,38.0
01.04.2015,37.52,37.74,38.46,37.21
31.03.2015,37.75,38.71,38.75,37.68
30.03.2015,38.11,37.17,38.45,36.36
27.03.2015,37.0,37.81,37.86,36.28
26.03.2015,38.8,38.78,38.96,37.94
25.03.2015,38.86,39.65,39.72,38.54
24.03.2015,40.34,40.32,40.76,39.95
23.03.2015,39.93,39.70,40.10,39.49
20.03.2015,39.62,39.49,39.80,39.12
19.03.2015,39.13,40.40,40.92,38.91
18.03.2015,40.14,38.99,40.18,38.62
17.03.2015,38.95,39.9,39.74,38.79
16.03.2015,39.14,38.40,39.18,37.96
13.03.2015,37.74,37.79,38.35,37.46
12.03.2015,38.21,38.75,38.89,37.95
11.03.2015,38.75,38.23,39.24,38.20
10.03.2015,38.6,37.69,38.70,37.52
09.03.2015,38.18,38.88,38.90,37.65
06.03.2015,38.78,39.84,40.15,38.43
05.03.2015,40.13,40.57,41.24,40.3
04.03.2015,40.49,39.85,40.50,39.44
03.03.2015,39.91,39.36,40.5,39.6
02.03.2015,39.47,40.54,40.67,39.16
27.02.2015,40.67,41.38,41.71,40.56
26.02.2015,41.44,40.80,42.22,40.44
25.02.2015,40.75,40.99,41.43,40.52
24.02.2015,40.82,41.46,41.46,40.34
23.02.2015,41.47,43.13,43.64,41.27
20.02.2015,43.42,42.16,43.52,41.96
19.02.2015,42.34,41.0,42.49,40.75
18.02.2015,40.89,40.83,41.23,40.52
17.02.2015,40.87,41.14,41.14,40.30
13.02.2015,40.75,40.58,41.20,40.18
12.02.2015,40.58,38.71,40.62,38.66
11.02.2015,42.56,42.44,42.95,41.46
10.02.2015,43.26,43.51,44.10,43.0
09.02.2015,43.50,43.8,43.59,42.40
06.02.2015,43.47,44.40,44.68,43.30
05.02.2015,44.20,43.98,45.10,43.93
04.02.2015,43.71,43.66,44.30,43.36
03.02.2015,43.67,42.64,44.7,42.25
02.02.2015,42.19,40.79,42.39,40.66
30.01.2015,40.72,40.79,41.49,40.60
29.01.2015,41.4,40.21,41.20,39.30
28.01.2015,39.87,41.22,41.27,39.68
27.01.2015,41.20,40.88,41.61,40.66
26.01.2015,41.31,40.37,41.72,40.21
23.01.2015,40.26,40.6,40.70,39.67
22.01.2015,40.32,39.40,40.65,39.4
21.01.2015,39.31,37.91,39.74,37.90
20.01.2015,38.39,38.77,38.82,37.41
16.01.2015,38.61,38.14,38.90,37.93
15.01.2015,38.37,38.90,39.15,38.0
14.01.2015,38.54,37.17,39.4,37.0
13.01.2015,40.85,40.66,41.52,40.18
12.01.2015,40.44,40.61,40.89,39.85
09.01.2015,41.33,41.78,42.0,40.99
08.01.2015,42.12,42.56,42.76,42.0
07.01.2015,42.19,42.67,42.96,41.96
06.01.2015,42.26,42.1,42.84,40.84
05.01.2015,42.2,42.91,43.30,41.43
02.01.2015,43.86,44.57,44.65,42.65
31.12.2014,44.48,44.62,45.14,44.45
30.12.2014,44.45,44.80,45.13,44.28
29.12.2014,45.14,45.38,45.58,44.80
26.12.2014,45.56,44.30,45.70,44.30
24.12.2014,44.45,43.95,44.50,43.85
23.12.2014,44.19,44.76,44.86,43.90
22.12.2014,44.52,44.0,44.81,43.65
19.12.2014,43.86,44.4,44.8,42.90
18.12.2014,43.65,42.48,43.69,42.36
17.12.2014,41.16,38.61,41.33,38.53
16.12.2014,39.56,40.18,40.74,39.7
15.12.2014,40.81,41.86,41.96,40.53
12.12.2014,41.40,40.96,42.34,40.90
11.12.2014,41.78,42.11,43.9,41.65
10.12.2014,41.97,42.83,43.35,41.54
09.12.2014,43.38,41.87,43.55,40.85
08.12.2014,42.87,44.31,44.97,42.47
05.12.2014,44.74,45.73,45.88,44.45
04.12.2014,45.66,45.72,46.18,45.56
03.12.2014,45.86,45.25,45.94,45.10
02.12.2014,46.29,46.91,47.50,45.60
01.12.2014,46.33,48.23,48.49,45.80
28.11.2014,48.90,49.7,49.34,48.50
26.11.2014,49.69,49.67,49.80,49.32
25.11.2014,49.62,49.47,49.94,49.22
24.11.2014,49.34,49.4,49.52,48.13
21.11.2014,48.56,50.44,50.56,48.43
20.11.2014,49.74,49.59,50.19,49.20
19.11.2014,49.55,50.12,50.38,49.12
18.11.2014,51.54,51.17,52.0,51.10
17.11.2014,50.80,51.50,51.80,50.40
14.11.2014,51.74,50.0,51.77,49.70
13.11.2014,50.34,50.12,51.15,50.5
12.11.2014,49.82,49.94,50.47,49.12
11.11.2014,50.22,48.51,50.36,48.40
10.11.2014,48.39,47.82,48.58,47.36
07.11.2014,48.4,48.44,48.57,47.44
06.11.2014,48.24,46.90,49.34,45.70
05.11.2014,46.19,48.20,48.27,46.11
04.11.2014,47.79,48.10,48.47,47.31
03.11.2014,48.52,48.60,49.51,48.26
31.10.2014,48.34,48.50,48.62,47.75
30.10.2014,47.73,47.63,48.10,47.1
29.10.2014,47.62,48.23,48.30,47.13
28.10.2014,48.55,45.92,48.92,45.65
27.10.2014,44.33,46.85,46.92,44.6
24.10.2014,47.5,47.25,47.56,46.24
23.10.2014,47.6,46.93,47.26,46.40
22.10.2014,46.22,46.64,47.48,46.11
21.10.2014,47.7,46.85,47.8,46.16
20.10.2014,46.9,45.34,46.48,45.10
17.10.2014,45.50,46.68,46.95,45.31
16.10.2014,45.27,43.94,45.98,43.82
15.10.2014,45.94,44.0,46.20,43.46
14.10.2014,45.41,45.65,46.49,44.60
13.10.2014,44.92,47.71,47.79,44.20
10.10.2014,47.38,48.93,49.18,47.4
09.10.2014,51.40,52.45,53.11,50.88
08.10.2014,51.86,52.2,52.58,50.53
07.10.2014,51.91,51.71,52.29,51.15
06.10.2014,52.12,51.83,52.50,51.56
03.10.2014,51.4,50.61,51.30,50.21
02.10.2014,50.28,50.4,50.56,49.7
01.10.2014,48.5,48.44,48.53,47.13
30.09.2014,48.54,49.38,49.53,48.2
29.09.2014,49.5,48.80,49.73,48.28
26.09.2014,49.32,49.65,49.95,49.21
25.09.2014,49.39,50.50,50.99,49.22
24.09.2014,50.43,50.22,50.57,49.41
23.09.2014,50.8,49.4,50.76,49.0
22.09.2014,50.1,51.0,51.20,48.94
19.09.2014,51.86,51.60,52.29,51.5
18.09.2014,52.76,52.67,53.12,52.46
17.09.2014,52.28,52.48,52.94,51.90
16.09.2014,52.15,51.3,52.49,50.48
15.09.2014,50.77,54.87,54.88,49.83
12.09.2014,55.84,56.10,56.48,55.40
11.09.2014,56.6,56.9,56.96,55.73
10.09.2014,56.22,55.90,56.28,54.73
09.09.2014,55.70,56.60,57.10,55.40
08.09.2014,56.42,55.52,56.98,55.50
05.09.2014,55.48,56.51,56.58,54.50
04.09.2014,57.21,56.80,58.28,56.8
03.09.2014,56.24,57.53,57.60,56.2
02.09.2014,56.82,55.10,56.98,54.86
29.08.2014,53.94,53.74,54.40,53.50
28.08.2014,52.77,52.38,52.90,52.33
27.08.2014,52.65,52.70,52.85,52.6
26.08.2014,52.35,53.0,53.10,52.33
25.08.2014,52.51,51.64,52.74,51.64
22.08.2014,51.36,50.91,51.39,50.52
21.08.2014,50.87,51.30,51.76,50.65
20.08.2014,51.14,50.93,51.75,50.60
19.08.2014,51.35,51.77,51.87,50.32
18.08.2014,51.99,52.65,53.45,51.95
15.08.2014,52.40,52.30,52.42,51.70
14.08.2014,52.28,52.50,52.60,51.30
13.08.2014,52.6,52.40,53.13,51.92
12.08.2014,51.99,51.62,52.6,50.92
11.08.2014,51.86,51.10,52.75,51.0
08.08.2014,49.63,50.23,50.35,49.30
07.08.2014,50.48,50.2,51.34,49.82
06.08.2014,49.79,47.78,50.28,47.72
05.08.2014,47.70,47.49,48.60,47.14
04.08.2014,47.70,46.88,48.10,46.65
01.08.2014,46.65,45.22,47.50,45.20
31.07.2014,44.66,45.85,46.28,44.30
30.07.2014,45.78,44.38,45.92,44.21
29.07.2014,45.0,45.32,45.66,44.97
28.07.2014,44.96,44.85,46.40,44.28
25.07.2014,44.71,44.54,45.39,44.35
24.07.2014,44.71,44.65,45.2,44.16
23.07.2014,44.50,44.0,44.95,43.89
22.07.2014,43.92,44.44,44.66,43.82
21.07.2014,44.11,43.45,44.64,43.34
18.07.2014,44.0,43.19,44.24,43.19
17.07.2014,43.8,43.23,44.11,42.72
16.07.2014,43.43,44.36,44.96,43.36
15.07.2014,43.92,45.35,45.53,43.62
14.07.2014,45.34,44.0,45.76,43.9
11.07.2014,43.63,44.12,44.32,43.52
10.07.2014,43.89,43.44,44.44,43.21
09.07.2014,44.61,44.25,44.84,43.84
08.07.2014,43.81,43.73,44.19,42.85
07.07.2014,44.53,45.50,45.96,44.8
03.07.2014,45.85,46.26,46.38,44.80
02.07.2014,45.88,48.13,48.47,45.41
01.07.2014,47.94,48.49,48.69,47.74
30.06.2014,48.1,47.91,48.90,47.80
27.06.2014,47.81,46.94,48.0,46.90
26.06.2014,47.12,47.43,48.8,46.84
25.06.2014,47.38,46.61,47.51,46.5
24.06.2014,46.50,47.79,48.38,46.33
23.06.2014,47.44,45.90,47.80,45.64
20.06.2014,45.92,45.70,46.26,45.24
19.06.2014,45.56,45.78,47.6,45.40
18.06.2014,45.42,46.30,46.34,45.22
17.06.2014,46.33,44.82,47.11,44.57
16.06.2014,44.92,41.35,45.10,41.25
13.06.2014,41.28,40.96,41.36,40.32
12.06.2014,40.70,41.2,41.98,40.54
11.06.2014,40.89,40.30,41.0,39.85
10.06.2014,40.46,40.89,41.39,40.31
09.06.2014,41.6,41.59,42.0,40.84
06.06.2014,41.63,41.95,42.16,41.44
05.06.2014,41.38,40.89,41.84,40.81
04.06.2014,40.80,40.87,41.25,40.8
03.06.2014,40.99,40.70,41.60,40.52
02.06.2014,40.94,41.47,41.87,40.33
30.05.2014,41.55,42.6,42.96,41.40
29.05.2014,42.5,42.11,42.50,41.54
28.05.2014,42.5,42.0,42.55,41.5
27.05.2014,42.31,41.70,42.77,41.54
23.05.2014,41.46,40.91,41.55,40.50
22.05.2014,40.98,40.7,41.38,39.91
21.05.2014,39.89,39.24,39.97,38.96
20.05.2014,39.6,39.39,39.87,38.61
19.05.2014,39.22,38.14,39.38,38.0
16.05.2014,38.31,37.79,38.41,37.54
15.05.2014,37.72,38.0,38.53,37.6
14.05.2014,38.12,37.79,38.70,37.42
13.05.2014,38.3,36.75,38.27,36.60
12.05.2014,36.93,36.77,37.44,35.98
09.05.2014,36.45,35.97,36.68,35.44
08.05.2014,35.72,36.40,38.88,35.60
07.05.2014,40.27,41.93,42.4,39.45
06.05.2014,41.46,43.32,43.73,41.37
05.05.2014,43.32,41.90,43.54,41.70
02.05.2014,42.18,41.72,42.27,41.30
01.05.2014,41.55,41.42,42.80,41.14
30.04.2014,41.58,40.72,41.63,40.26
29.04.2014,41.38,39.64,41.43,39.11
28.04.2014,39.70,40.0,40.76,38.10
25.04.2014,39.97,40.40,41.34,39.53
24.04.2014,41.57,42.16,42.56,40.64
23.04.2014,41.60,43.27,43.35,41.40
22.04.2014,43.73,41.27,43.87,41.0
21.04.2014,40.88,39.42,41.24,38.80
17.04.2014,39.62,39.92,40.46,38.82
16.04.2014,39.82,39.40,40.0,38.16
15.04.2014,38.78,39.82,39.86,36.86
14.04.2014,39.62,41.52,41.69,38.88
11.04.2014,40.76,40.12,41.40,39.72
10.04.2014,40.84,43.36,43.50,40.76
09.04.2014,43.39,43.35,43.69,42.18
08.04.2014,43.9,42.1,43.30,41.28
07.04.2014,41.50,41.16,43.24,40.70
04.04.2014,42.45,45.20,45.65,42.25
03.04.2014,45.8,46.6,47.15,44.40
02.04.2014,46.6,44.0,46.18,43.61
01.04.2014,43.39,41.80,43.63,41.72
31.03.2014,41.69,43.30,43.35,41.28
28.03.2014,42.47,42.56,43.34,42.5
27.03.2014,41.46,42.47,42.72,40.60
26.03.2014,42.59,44.39,44.52,42.27
25.03.2014,44.9,44.83,45.41,43.58
24.03.2014,44.3,45.95,45.98,42.5
21.03.2014,45.78,47.20,47.24,45.50
20.03.2014,46.98,47.23,47.85,46.67
19.03.2014,47.17,48.28,48.31,46.70
18.03.2014,48.1,47.39,48.30,47.0
17.03.2014,46.80,46.99,47.59,46.10
14.03.2014,46.19,47.6,47.39,45.66
13.03.2014,47.56,48.76,48.84,46.80
12.03.2014,48.30,46.30,49.50,46.22
11.03.2014,46.88,47.30,48.92,46.49
10.03.2014,47.77,48.54,48.60,47.21
07.03.2014,49.24,50.59,50.97,48.88
06.03.2014,50.59,50.83,51.50,49.89
05.03.2014,50.53,51.34,51.40,50.36
04.03.2014,50.97,51.70,52.0,50.57
03.03.2014,50.11,47.45,50.33,47.0
28.02.2014,48.96,49.93,50.54,48.51
27.02.2014,50.51,52.25,52.38,49.67
26.02.2014,50.60,51.72,53.0,49.50
25.02.2014,49.60,46.0,51.84,45.69
24.02.2014,43.53,41.75,43.67,41.66
21.02.2014,41.92,42.33,42.80,41.84
20.02.2014,41.99,43.0,43.4,41.25
19.02.2014,38.73,40.74,40.74,38.68
18.02.2014,40.74,41.5,41.20,40.27
14.02.2014,39.65,39.62,40.38,39.40
13.02.2014,39.93,38.67,40.54,38.65
12.02.2014,39.6,39.16,39.65,38.86
11.02.2014,39.32,39.79,40.44,38.54
10.02.2014,39.31,37.87,39.86,37.86
07.02.2014,37.31,36.20,37.33,35.92
06.02.2014,35.68,35.26,36.2,35.20
05.02.2014,34.88,35.66,36.12,33.87
04.02.2014,35.75,36.14,36.32,35.24
03.02.2014,35.42,36.58,36.98,35.3
31.01.2014,36.28,35.77,37.20,35.70
30.01.2014,36.57,35.60,36.96,35.40
29.01.2014,35.5,35.6,35.82,34.63
28.01.2014,35.68,34.30,35.80,34.20
27.01.2014,33.92,35.3,35.58,32.94
24.01.2014,34.92,35.57,36.10,34.71
23.01.2014,36.30,35.45,36.48,34.68
22.01.2014,35.71,35.56,36.6,34.95
21.01.2014,35.34,34.25,35.46,34.16
17.01.2014,34.0,34.4,34.64,33.59
16.01.2014,34.19,32.50,34.54,32.48
15.01.2014,32.83,33.69,34.45,32.42
14.01.2014,32.25,28.10,32.40,27.33
13.01.2014,27.87,29.16,29.40,27.56
10.01.2014,29.14,29.69,29.78,28.45
09.01.2014,29.51,30.50,30.69,29.37
08.01.2014,30.26,29.77,30.74,29.75
07.01.2014,29.87,29.52,30.8,29.5
06.01.2014,29.40,30.0,30.8,29.5
03.01.2014,29.91,30.0,30.44,29.72
02.01.2014,30.2,29.96,30.50,29.31
31.12.2013,30.9,30.46,30.64,29.73
30.12.2013,30.49,30.22,30.96,30.15
27.12.2013,30.22,31.6,31.10,30.16
26.12.2013,31.10,31.1,31.60,30.86
24.12.2013,30.28,30.0,30.99,29.96
23.12.2013,28.71,28.97,29.25,28.52
20.12.2013,28.65,28.32,28.87,28.32
19.12.2013,28.14,29.38,29.40,27.82
18.12.2013,29.60,30.45,30.98,29.19
17.12.2013,30.49,29.52,30.93,29.26
16.12.2013,29.59,29.70,30.9,29.22
13.12.2013,29.53,29.61,30.36,29.46
12.12.2013,29.49,27.94,29.65,27.71
11.12.2013,27.93,28.38,28.61,27.90
10.12.2013,28.44,28.1,29.17,27.97
09.12.2013,28.32,27.40,28.34,26.84
06.12.2013,27.47,28.30,28.50,27.26
05.12.2013,28.10,28.3,28.67,27.90
04.12.2013,27.79,28.86,28.89,27.43
03.12.2013,28.94,26.54,28.99,26.32
02.12.2013,24.83,25.27,25.71,24.79
29.11.2013,25.46,25.95,26.12,25.40
27.11.2013,25.39,24.26,25.39,23.90
26.11.2013,24.10,23.88,24.54,23.22
25.11.2013,24.17,24.90,25.17,24.6
22.11.2013,24.28,24.32,24.55,23.59
21.11.2013,24.42,24.58,24.96,24.5
20.11.2013,24.22,25.22,25.49,23.81
19.11.2013,25.22,23.89,25.80,23.84
18.11.2013,24.32,27.5,27.9,23.92
15.11.2013,27.9,27.37,27.59,26.87
14.11.2013,27.52,27.78,28.8,26.82
13.11.2013,27.74,28.17,28.47,27.27
12.11.2013,27.56,28.94,28.94,27.24
11.11.2013,28.94,28.20,29.8,27.42
08.11.2013,27.59,27.30,28.12,26.46
07.11.2013,27.95,28.84,29.13,27.52
06.11.2013,30.23,30.96,32.15,29.27
05.11.2013,35.36,36.0,36.29,34.27
04.11.2013,35.4,33.0,35.8,32.84
01.11.2013,32.43,32.60,33.18,32.8
31.10.2013,31.99,31.13,32.49,30.66
30.10.2013,31.84,32.93,33.54,31.63
29.10.2013,32.89,32.55,33.9,30.60
28.10.2013,32.57,34.4,34.10,32.44
25.10.2013,33.93,34.84,34.90,33.36
24.10.2013,34.63,33.0,34.90,32.57
23.10.2013,32.90,33.78,34.36,32.3
22.10.2013,34.31,34.10,35.56,33.22
21.10.2013,34.52,36.66,36.68,34.20
18.10.2013,36.68,36.83,37.19,36.50
17.10.2013,36.56,36.71,36.96,36.20
16.10.2013,36.71,36.98,37.46,36.42
15.10.2013,36.79,37.6,37.76,36.64
14.10.2013,35.94,35.0,36.50,34.83
11.10.2013,35.74,34.55,35.86,34.24
10.10.2013,34.59,34.62,35.15,33.94
09.10.2013,33.76,34.95,35.0,32.30
08.10.2013,34.95,36.88,37.19,34.64
07.10.2013,36.61,36.49,37.35,36.5
04.10.2013,36.20,35.28,36.24,34.53
03.10.2013,34.66,35.1,35.94,33.60
02.10.2013,36.19,37.72,38.37,35.8
01.10.2013,38.60,38.79,38.85,37.67
30.09.2013,38.67,37.80,38.90,37.60
27.09.2013,38.18,37.50,38.26,37.29
26.09.2013,37.73,37.34,37.94,37.12
25.09.2013,37.5,36.71,37.26,36.10
24.09.2013,36.47,35.83,36.99,35.53
23.09.2013,36.22,36.90,37.10,35.42
20.09.2013,36.68,35.78,37.17,35.71
19.09.2013,35.58,34.16,36.9,33.82
18.09.2013,33.24,33.41,33.49,32.84
17.09.2013,33.25,33.2,33.68,32.67
16.09.2013,33.32,33.60,34.17,33.17
13.09.2013,33.11,32.55,33.27,32.43
12.09.2013,32.99,32.80,33.35,32.10
11.09.2013,32.70,33.28,33.58,32.43
10.09.2013,33.27,32.29,33.50,32.13
09.09.2013,32.14,32.62,32.90,31.70
06.09.2013,33.39,33.71,33.94,33.3
05.09.2013,33.99,34.2,34.30,33.65
04.09.2013,34.12,33.95,34.32,33.11
03.09.2013,33.79,34.68,34.74,33.28
30.08.2013,33.80,33.27,33.84,32.79
29.08.2013,33.21,32.84,33.55,32.50
28.08.2013,33.29,33.81,34.30,32.65
27.08.2013,33.40,32.46,33.76,32.19
26.08.2013,32.84,33.3,34.60,32.5
23.08.2013,32.37,31.40,32.46,31.0
22.08.2013,31.42,29.84,31.50,29.63
21.08.2013,29.57,30.0,30.6,29.25
20.08.2013,29.92,29.73,29.96,29.40
19.08.2013,28.98,28.69,29.48,28.57
16.08.2013,28.40,28.33,28.78,28.19
15.08.2013,27.93,27.29,28.72,27.0
14.08.2013,27.87,28.54,28.97,27.61
13.08.2013,29.9,29.90,29.97,28.89
12.08.2013,29.48,29.89,30.10,28.41
09.08.2013,30.60,30.48,31.19,30.25
08.08.2013,30.70,30.87,31.78,30.9
07.08.2013,26.85,28.38,28.39,26.47
06.08.2013,28.43,28.95,29.15,28.22
05.08.2013,28.94,28.0,28.98,27.93
02.08.2013,27.60,26.92,27.65,26.72
01.08.2013,27.11,27.0,27.30,26.53
31.07.2013,26.86,26.51,27.0,26.29
30.07.2013,26.35,26.96,27.50,25.64
29.07.2013,26.92,25.86,27.7,25.65
26.07.2013,25.88,25.63,26.14,25.32
25.07.2013,24.81,24.8,24.95,24.4
24.07.2013,24.34,24.89,24.90,23.91
23.07.2013,24.55,24.80,25.11,24.36
22.07.2013,24.49,23.98,25.34,23.98
19.07.2013,23.94,23.70,24.11,23.30
18.07.2013,23.81,24.19,24.55,23.24
17.07.2013,24.5,21.30,24.32,20.90
16.07.2013,21.81,25.26,25.26,21.46
15.07.2013,25.45,26.61,26.65,25.36
12.07.2013,25.98,25.10,25.99,24.90
11.07.2013,25.12,24.98,25.22,24.47
10.07.2013,24.45,24.64,24.65,24.16
09.07.2013,24.69,24.93,25.6,24.38
08.07.2013,24.32,24.27,24.44,23.76
05.07.2013,24.2,23.66,24.6,23.14
03.07.2013,23.5,23.60,23.85,22.85
02.07.2013,23.56,23.65,24.38,23.10
01.07.2013,23.44,21.87,23.55,21.83
28.06.2013,21.47,21.71,21.89,21.34
27.06.2013,21.85,21.35,22.5,21.23
26.06.2013,21.14,20.76,21.17,20.53
25.06.2013,20.48,20.62,20.84,20.11
24.06.2013,20.30,19.30,20.57,19.6
21.06.2013,19.91,20.74,20.74,19.50
20.06.2013,20.13,20.93,21.43,19.89
19.06.2013,20.94,20.41,21.33,20.40
18.06.2013,20.68,20.35,20.80,19.84
17.06.2013,20.44,20.72,20.95,20.24
14.06.2013,20.6,20.0,20.50,19.87
13.06.2013,19.64,19.80,19.86,19.2
12.06.2013,19.55,19.36,20.10,19.15
11.06.2013,18.89,19.64,19.74,18.81
10.06.2013,20.1,19.79,20.50,19.71
07.06.2013,20.41,19.60,20.58,19.34
06.06.2013,19.47,19.5,19.85,19.2
05.06.2013,19.7,18.73,19.59,17.82
04.06.2013,18.97,18.55,19.28,18.48
03.06.2013,18.52,19.52,19.52,17.65
31.05.2013,19.55,21.25,21.29,19.55
30.05.2013,20.99,20.49,21.91,20.24
29.05.2013,20.93,22.71,22.98,19.80
28.05.2013,22.7,20.31,22.15,20.6
24.05.2013,19.42,18.52,19.59,18.40
23.05.2013,18.55,16.96,18.60,16.61
22.05.2013,17.45,17.27,18.19,17.10
21.05.2013,17.52,17.70,18.0,17.6
20.05.2013,17.99,18.22,18.50,17.73
17.05.2013,18.30,18.50,18.89,17.50
16.05.2013,18.45,18.94,19.0,17.73
15.05.2013,16.97,16.36,17.38,15.62
14.05.2013,16.65,18.84,19.42,16.23
13.05.2013,17.56,16.20,17.60,15.83
10.05.2013,15.35,13.93,16.20,13.85
09.05.2013,13.88,14.2,15.15,12.74
08.05.2013,11.16,11.50,11.64,11.14
07.05.2013,11.10,12.40,12.47,11.2
06.05.2013,11.90,11.28,11.93,11.10
03.05.2013,10.91,11.29,11.29,10.90
02.05.2013,10.82,10.77,11.5,10.74
01.05.2013,10.66,11.20,11.20,10.60
30.04.2013,10.80,11.20,11.64,10.75
29.04.2013,10.99,10.35,11.0,10.24
26.04.2013,10.24,10.63,10.75,10.12
25.04.2013,10.40,10.10,10.48,10.10
24.04.2013,10.9,10.18,10.21,9.80
23.04.2013,10.20,10.20,10.58,10.13
22.04.2013,10.4,9.72,10.4,9.55
19.04.2013,9.57,9.49,9.98,9.41
18.04.2013,9.39,9.20,9.52,9.8
17.04.2013,9.9,9.10,9.19,8.91
16.04.2013,9.12,8.84,9.23,8.78
15.04.2013,8.66,8.70,8.76,8.50
12.04.2013,8.75,8.65,9.3,8.61
11.04.2013,8.72,8.41,8.91,8.35
10.04.2013,8.37,8.14,8.40,8.12
09.04.2013,8.10,8.36,8.37,8.7
08.04.2013,8.37,8.39,8.51,8.30
05.04.2013,8.27,8.40,8.40,8.10
04.04.2013,8.40,8.22,8.45,8.16
03.04.2013,8.22,8.62,8.69,8.4
02.04.2013,8.87,8.72,9.10,8.70
01.04.2013,8.79,8.47,9.34,8.34
28.03.2013,7.58,7.65,7.65,7.55
27.03.2013,7.63,7.59,7.68,7.46
26.03.2013,7.57,7.60,7.64,7.53
25.03.2013,7.51,7.42,7.70,7.35
22.03.2013,7.32,7.24,7.36,7.24
21.03.2013,7.20,7.19,7.41,7.15
20.03.2013,7.19,7.5,7.21,7.3
19.03.2013,7.2,7.5,7.12,6.99
18.03.2013,7.3,7.6,7.21,6.98
15.03.2013,7.6,7.33,7.33,7.4
14.03.2013,7.37,7.78,7.78,7.35
13.03.2013,7.80,7.80,7.90,7.76
12.03.2013,7.82,7.78,7.88,7.77
11.03.2013,7.82,7.77,7.89,7.73
08.03.2013,7.69,7.61,7.89,7.47
07.03.2013,7.65,7.55,7.73,7.38
06.03.2013,7.54,7.40,7.58,7.39
05.03.2013,7.33,7.20,7.38,7.16
04.03.2013,7.12,6.95,7.17,6.94
01.03.2013,6.93,7.0,7.2,6.85